a,ə
abandon,əˈbandən
ability,əˈbɪləti
able,ˈeɪbɫ̩
abortion,əˈbɔːʃn̩
about,əˈbaʊt
above,əˈbʌv
abroad,əˈbrɔːd
absence,ˈabsəns
absolute,ˈabsəluːt
absolutely,ˈabsəluːtli
absorb,əbˈzɔːb
abstract,ˈabstrakt
abuse,əˈbjuːs
academic,ˌakəˈdɛmɪk
accelerate,əkˈseləreɪt
accent,ˈaksent
accept,əkˈsept
acceptable,əkˈseptəbɫ̩
acceptance,əkˈseptəns
access,ˈakses
accessible,əkˈsesəbɫ̩
accident,ˈaksɪdənt
accommodate,əˈkɒmədeɪt
accompany,əˈkʌmpəni
accomplish,əˈkʌmplɪʃ
accomplishment,əˈkʌmplɪʃmənt
according,əˈkɔːdɪŋ
account,əˈkaʊnt
accountability,əˌkaʊntəˈbɪləti
accounting,əˈkaʊntɪŋ
accuracy,ˈakjərəsi
accurate,ˈakjərət
accurately,ˈakjərətli
accusation,ˌakjuˈzeɪʃn̩
accuse,əˈkjuːz
achieve,əˈʧiːv
achievement,əˈʧiːvmənt
acid,ˈasɪd
acknowledge,əkˈnɒlɪʤ
acquire,əˈkwaɪə
acquisition,ˌakwɪˈzɪʃn̩
across,əˈkrɒs
act,akt
action,ˈakʃn̩
active,ˈaktɪv
actively,ˈaktɪvli
activist,ˈaktɪvɪst
activity,akˈtɪvəti
actor,ˈaktə
actress,ˈaktrəs
actual,ˈakʧuəl
actually,ˈakʧuəli
ad,ad
adapt,əˈdapt
add,ad
added,ˈadɪd
addition,əˈdɪʃn̩
additional,əˈdɪʃn̩əl
address,əˈdres
adequate,ˈadɪkwət
adjust,əˈʤʌst
adjustment,əˈʤʌstmənt
administer,ədˈmɪnɪstə
administration,ədˌmɪnɪˈstreɪʃn̩
administrative,ədˈmɪnɪstrətɪv
administrator,ədˈmɪnɪstreɪtə
admire,ədˈmaɪə
admission,ədˈmɪʃn̩
admit,ədˈmɪt
adolescent,ˌadəˈlesənt
adopt,əˈdɒpt
adoption,əˈdɒpʃn̩
adult,ˈadʌlt
advance,ədˈvɑːns
advanced,ədˈvɑːnst
advantage,ədˈvɑːntɪʤ
adventure,ədˈvenʧə
advertising,ˈadvətaɪzɪŋ
advice,ədˈvaɪs
advise,ədˈvaɪz
adviser,ədˈvaɪzə
advocate,ˈadvəkeɪt
aesthetic,iːsˈθetɪk
affair,əˈfeə
affect,əˈfekt
afford,əˈfɔːd
afraid,əˈfreɪd
african,ˈafrɪkən
after,ˈɑːftə
afternoon,ˌɑːftəˈnuːn
afterward,ˈɑːftəwəd
again,əˈgen
against,əˈgenst
age,eɪʤ
agency,ˈeɪʤənsi
agenda,əˈʤendə
agent,ˈeɪʤənt
aggression,əˈgreʃn̩
aggressive,əˈgresɪv
ago,əˈgəʊ
agree,əˈgriː
agreement,əˈgriːmənt
agricultural,ˌagrɪˈkʌlʧrəl
agriculture,ˈagrɪˌkʌlʧə
ahead,əˈhed
aid,eɪd
aide,eɪd
aids,eɪdz
aim,eɪm
air,eə
aircraft,ˈeəkrɑːft
airline,ˈeəleɪn
airplane,ˈeəpleɪn
airport,ˈeəpɔːt
aisle,aɪl
alarm,əˈlɑːm
album,ˈalbəm
alcohol,ˈalkəhɒl
alien,ˈeɪliən
alike,əˈlaɪk
alive,əˈlaɪv
all,ɔːl
allegation,ˌaləˈgeɪʃn̩
alleged,əˈleʤd
allegedly,əˈleʤɪdli
alley,ˈali
alliance,əˈlaɪəns
allow,əˈlaʊ
ally,ˈalaɪ
almost,ˈɔːlməʊst
alone,əˈləʊn
along,əˈlɒŋ
alongside,əˌlɒŋˈsaɪd
already,ɔːlˈredi
also,ˈɔːlsəʊ
alter,ˈɔːltə
alternative,ɔːlˈtɜːnətɪv
although,ɔːlˈðəʊ
altogether,ˌɔːltəˈgeðə
aluminium,ˌaljəˈmɪniəm
always,ˈɔːlweɪz
amazing,əˈmeɪzɪŋ
ambassador,amˈbasədə
ambition,amˈbɪʃn̩
ambitious,amˈbɪʃəs
amendment,əˈmendmənt
american,əˈmerɪkən
amid,əˈmɪd
among,əˈmʌŋ
amount,əˈmaʊnt
analyse,ˈanəlaɪz
analysis,əˈnaləsɪs
analyst,ˈanəlɪst
ancestor,ˈansestə
ancient,ˈeɪnʃənt
and,and
angel,ˈeɪnʤəl
anger,ˈaŋgə
angle,ˈaŋgɫ̩
angry,ˈaŋgri
animal,ˈanɪməl
ankle,ˈaŋkɫ̩
anniversary,ˌanɪˈvɜːsəri
announce,əˈnaʊns
announcement,əˈnaʊnsmənt
annual,ˈanjuəl
annually,ˈanjuəli
anonymous,əˈnɒnɪməs
another,əˈnʌðə
answer,ˈɑːnsə
anticipate,anˈtɪsɪpeɪt
anxiety,aŋˈzaɪəti
anxious,ˈaŋkʃəs
any,ˈeni
anybody,ˈenibɒdi
anymore,ˌeniˈmɔː
anyone,ˈeniwʌn
anything,ˈeniθɪŋ
anyway,ˈeniweɪ
anywhere,ˈeniweə
apart,əˈpɑːt
apartment,əˈpɑːtmənt
apologize,əˈpɒləʤaɪz
apology,əˈpɒləʤi
apparent,əˈparənt
apparently,əˈparəntli
appeal,əˈpiːl
appeal,əˈpiːl
appear,əˈpiə
appearance,əˈpiərəns
apple,ˈapɫ̩
application,ˌaplɪˈkeɪʃn̩
apply,əˈplaɪ
appoint,əˈpɔɪnt
appointment,əˈpɔɪntmənt
appreciate,əˈpriːʃieɪt
appreciation,əˌpriːʃiˈeɪʃn̩
approach,əˈprəʊʧ
appropriate,əˈprəʊpriət
approval,əˈpruːvəl
approve,əˈpruːv
approximately,əˈprɒksɪmətli
arab,ˈarəb
architect,ˈɑːkɪtekt
architecture,ˈɑːkɪtekʧə
area,ˈeəriə
arena,əˈriːnə
argue,ˈɑːgjuː
argument,ˈɑːgjumənt
arise,əˈraɪz
arm,ɑːm
armed,ɑːmd
army,ˈɑːmi
around,əˈraʊnd
arrange,əˈreɪnʤ
arrangement,əˈreɪnʤmənt
array,əˈreɪ
arrest,əˈrest
arrival,əˈraɪvəl
arrive,əˈraɪv
arrow,ˈarəʊ
art,ɑːt
article,ˈɑːtɪkɫ̩
articulate,ɑːˈtɪkjʊlət
artifact,ˈɑːtɪfakt
artificial,ˌɑːtɪˈfɪʃəl
artist,ˈɑːtɪst
artistic,ɑːˈtɪstɪk
as,az
ash,aʃ
asian,ˈeɪʤn̩
aside,əˈsaɪd
ask,ɑːsk
asleep,əˈsliːp
aspect,ˈaspekt
ass,as
assault,əˈsɔːlt
assemble,əˈsembɫ̩
assembly,əˈsembli
assert,əˈsɜːt
assess,əˈses
assessment,əˈsesmənt
asset,ˈaset
assign,əˈsaɪn
assignment,əˈsaɪnmənt
assist,əˈsɪst
assistance,əˈsɪstəns
assistant,əˈsɪstənt
assistant,əˈsɪstənt
associate,əˈsəʊsiət
associated,əˈsəʊʃieɪtɪd
association,əˌsəʊʃiˈeɪʃn̩
assume,əˈsjuːm
assumption,əˈsʌmpʃn̩
assure,əˈʃɔː
astronomer,əˈstrɒnəmə
at,at
athlete,ˈaθliːt
athletic,aθˈletɪk
atmosphere,ˈatməsfiə
atop,əˈtɒp
attach,əˈtaʧ
attack,əˈtak
attempt,əˈtempt
attend,əˈtend
attendance,əˈtendəns
attention,əˈtenʃn̩
attitude,ˈatɪtjuːd
attorney,əˈtɜːni
attract,əˈtrakt
attraction,əˈtrakʃn̩
attractive,əˈtraktɪv
attribute,ˈatrɪbjuːt
auction,ˈɔːkʃn̩
audience,ˈɔːdiəns
aunt,ɑːnt
author,ˈɔːθə
authority,ɔːˈθɒrəti
authorize,ˈɔːθəraɪz
auto,ˈɔːtəʊ
automatic,ˌɔːtəˈmatɪk
automatically,ˌɔːtəˈmatɪkli
automobile,ˈɔːtəməʊˌbiːl
autonomy,ɔːˈtɒnəmi
availability,əˌveɪləˈbɪləti
available,əˈveɪləbɫ̩
average,ˈavərɪʤ
avoid,əˈvɔɪd
await,əˈweɪt
awake,əˈweɪk
award,əˈwɔːd
aware,əˈweə
awareness,əˈweənəs
away,əˈweɪ
away,əˈweɪ
awful,ˈɔːfəl
baby,ˈbeɪbi
back,ˈbak
background,ˈbakgraʊnd
backyard,ˌbakˈjɑːd
bacteria,bakˈtɪːriə
bad,bad
badly,ˈbadli
bag,bag
bake,beɪk
balance,ˈbaləns
balanced,ˈbalənst
ball,bɔːl
balloon,bəˈluːn
ballot,ˈbalət
ban,ban
ban,ban
banana,bəˈnɑːnə
band,band
bank,baŋk
banker,ˈbaŋkə
banking,baŋkɪŋ
bankruptcy,ˈbaŋkrʌptsi
bar,bɑː
bare,beə
barely,ˈbeəli
barn,bɑːn
barrel,ˈbarəl
barrier,ˈbariə
base,beɪs
baseball,ˈbeɪsbɔːl
basement,ˈbeɪsmənt
basic,ˈbeɪsɪk
basically,ˈbeɪsɪkli
basis,ˈbeɪsɪs
basket,ˈbɑːskɪt
basketball,ˈbɑːskɪtbɔːl
bat,bat
bath,bɑːθ
bathroom,ˈbɑːθruːm
battery,ˈbatri
battle,ˈbatɫ̩
bay,beɪ
be,bi
beach,biːʧ
beam,biːm
bean,biːn
bear,beə
beard,biəd
beast,biːst
beat,biːt
beautiful,ˈbjuːtəfəl
beauty,ˈbjuːti
because,bɪˈkɒz
become,bɪˈkʌm
bed,bed
bedroom,ˈbedruːm
bee,biː
beef,biːf
beer,biə
before,bɪˈfɔː
beg,beg
begin,bɪˈgɪn
beginning,bɪˈgɪnɪŋ
behalf,bɪˈhɑːf
behave,bɪˈheɪv
behaviour,bɪˈheɪvjə
behavioural,bɪˈheɪvjərəl
behind,bɪˈhaɪnd
being,ˈbiːɪŋ
belief,bɪˈliːf
believe,bɪˈliːv
bell,bel
belly,ˈbeli
belong,bɪˈlɒŋ
below,bɪˈləʊ
belt,belt
bench,benʧ
bend,bend
beneath,bɪˈniːθ
benefit,ˈbenɪfɪt
beside,bɪˈsaɪd
besides,bɪˈsaɪdz
best,best
best,best
bet,ˈbet
better,ˈbetə
between,bɪˈtwiːn
beyond,bɪˈjɒnd
bias,ˈbaɪəs
bible,ˈbaɪbɫ̩
bicycle,ˈbaɪsɪkɫ̩
bid,bɪd
big,bɪg
bike,baɪk
bill,bɪl
billion,ˈbɪliən
bind,baɪnd
biography,baɪˈɒgrəfi
biological,baɪəˈlɒʤɪkəl
biology,baɪˈɒləʤi
bird,bɜːd
birth,bɜːθ
birthday,ˈbɜːθdeɪ
bishop,ˈbɪʃəp
bit,bɪt
bite,baɪt
bitter,ˈbɪtə
black,blak
blade,bleɪd
blame,bleɪm
blank,blaŋk
blanket,ˈblaŋkɪt
blast,blɑːst
blend,blend
bless,bles
blessing,ˈblesɪŋ
blind,blaɪnd
blink,blɪŋk
block,ˈblɒk
blond,blɒnd
blood,blʌd
bloody,ˈblʌdi
blow,bləʊ
blue,bluː
board,bɔːd
boast,bəʊst
boat,bəʊt
body,ˈbɒdi
boil,bɔɪl
bold,bəʊld
bolt,bəʊlt
bomb,bɒm
bomb,bɒm
bombing,ˈbɒmɪŋ
bond,bɒnd
bone,bəʊn
bonus,ˈbəʊnəs
book,bʊk
boom,buːm
boot,buːt
booth,buːð
border,ˈbɔːdə
boring,ˈbɔːrɪŋ
born,bɔːn
borrow,ˈbɒrəʊ
boss,bɒs
both,bəʊθ
bother,ˈbɒðə
bottle,ˈbɒtɫ̩
bottom,ˈbɒtəm
bounce,baʊns
boundary,ˈbaʊndri
bow,baʊ
bowl,bəʊl
box,bɒks
boy,ˌbɔɪ
boyfriend,ˈbɔɪfrend
brain,breɪn
brake,breɪk
branch,brɑːnʧ
brand,brand
brave,breɪv
bread,bred
break,breɪk
break,breɪk
breakfast,ˈbrekfəst
breast,brest
breath,breθ
breathe,briːð
breathing,ˈbriːðɪŋ
breeze,briːz
brick,brɪk
bride,braɪd
bridge,brɪʤ
brief,briːf
briefly,ˈbriːfli
bright,braɪt
brilliant,ˈbrɪliənt
bring,brɪŋ
british,ˈbrɪtɪʃ
broad,brɔːd
broadcast,ˈbrɔːdkɑːst
broken,ˈbrəʊkən
broker,ˈbrəʊkə
bronze,brɒnz
brother,ˈbrʌðə
brown,braʊn
brush,brʌʃ
brutal,ˈbruːtəl
bubble,ˈbʌbɫ̩
buck,bʌk
bucket,ˈbʌkɪt
buddy,ˈbʌdi
budget,ˈbʌʤət
bug,bʌg
build,bɪld
builder,ˈbɪldə
building,ˈbɪldɪŋ
bulb,bʌlb
bulk,bʌlk
bull,bʊl
bullet,ˈbʊlɪt
bunch,bʌnʧ
burden,ˈbɜːdn̩
bureau,ˈbjʊərəʊ
burn,bɜːn
burning,ˈbɜːnɪŋ
burst,bɜːst
bury,ˈberi
bus,bʌs
bush,bʊʃ
business,ˈbɪznəs
businessman,ˈbɪznəsman
busy,ˈbɪzi
but,bʌt
butt,bʌt
butter,ˈbʌtə
butterfly,ˈbʌtəflaɪ
button,ˈbʌtn̩
buy,baɪ
buyer,ˈbaɪə
by,baɪ
cab,kab
cabin,ˈkabɪn
cabinet,ˈkabɪnət
cable,ˈkeɪbɫ̩
cage,keɪʤ
cake,keɪk
calculate,ˈkalkjʊleɪt
calculation,ˌkalkjʊˈleɪʃn̩
calendar,ˈkalɪndə
call,kɔːl
calm,kɑːm
camera,ˈkamərə
camp,kamp
campaign,kamˈpeɪn
campus,ˈkampəs
can,kan
canadian,kəˈneɪdiən
cancel,ˈkansəl
cancer,ˈkansə
candidate,ˈkandɪdət
candle,ˈkandɫ̩
candy,ˈkandi
canvas,ˈkanvəs
cap,kap
capability,ˌkeɪpəˈbɪlɪti
capable,ˈkeɪpəbɫ̩
capacity,kəˈpasɪti
capital,ˈkapɪtəl
captain,ˈkaptɪn
capture,ˈkapʧə
car,kɑː
carbohydrate,ˌkɑːbəˈhaɪdreɪt
carbon,ˈkɑːbən
card,kɑːd
care,keə
career,kəˈriə
careful,ˈkeəfʊl
carefully,ˈkeəfəli
cargo,ˈkɑːgəʊ
carpet,ˈkɑːpɪt
carrier,ˈkariə
carrot,ˈkarət
carry,ˈkari
cart,kɑːt
cartoon,kɑːˈtuːn
carve,kɑːv
case,keɪs
cash,kaʃ
casino,kəˈsiːnəʊ
cast,kɑːst
casual,ˈkaʒʊəl
casualty,ˈkaʒʊəlti
cat,kat
catalogue,ˈkatəlɒg
catch,kaʧ
category,ˈkatɪgəri
catholic,ˈkaθlɪk
cattle,ˈkatɫ̩
cause,kɔːz
cave,keɪv
cease,siːs
ceiling,ˈsiːlɪŋ
celebrate,ˈselɪbreɪt
celebration,ˌselɪˈbreɪʃn̩
celebrity,sɪˈlebrɪti
cell,sel
cemetery,ˈsemətri
centre,ˈsentə
central,ˈsentrəl
century,ˈsenʧəri
ceremony,ˈserɪməni
certain,ˈsɜːtn̩
certainly,ˈsɜːtn̩li
chain,ʧeɪn
chair,ʧeə
chairman,ˈʧeəmən
challenge,ˈʧalənʤ
chamber,ˈʧeɪmbə
champion,ˈʧampiən
championship,ˈʧampiənʃɪp
chance,ʧɑːns
change,ʧeɪnʤ
changing,ˈʧeɪnʤɪŋ
channel,ˈʧanəl
chaos,ˈkeɪɒs
chapter,ˈʧaptə
character,ˈkarəktə
characteristic,ˌkarəktəˈrɪstɪk
characterise,ˈkarəktəˌraɪz
charge,ʧɑːʤ
charity,ˈʧarɪti
charm,ʧɑːm
chart,ʧɑːt
charter,ˈʧɑːtə
chase,ʧeɪs
cheap,ʧiːp
cheat,ʧiːt
check,ʧek
cheek,ʧiːk
cheer,ʧiə
cheese,ʧiːz
chef,ʃef
chemical,ˈkemɪkəl
chemistry,ˈkemɪstri
chest,ʧest
chew,ʧuː
chicken,ˈʧɪkɪn
chief,ʧiːf
child,ʧaɪld
childhood,ˈʧaɪldhʊd
chill,ʧɪl
chin,ʧɪn
chinese,ʧaɪˈniːz
chip,ʧɪp
chocolate,ˈʧɒklət
choice,ʧɔɪs
cholesterol,kəˈlestərɒl
choose,ʧuːz
chop,ʧɒp
christian,ˈkrɪsʧən
christianity,ˌkrɪstɪˈanɪti
christmas,ˈkrɪsməs
chronic,ˈkrɒnɪk
chunk,ʧʌŋk
church,ʧɜːʧ
cigarette,ˌsɪgəˈret
circle,ˈsɜːkɫ̩
circuit,ˈsɜːkɪt
circumstance,ˈsɜːkəmstəns
cite,saɪt
citizen,ˈsɪtɪzən
citizenship,ˈsɪtɪzənʃɪp
city,ˈsɪti
civic,ˈsɪvɪk
civil,ˈsɪvəl
civilian,sɪˈvɪliən
civilization,ˌsɪvɪlaɪˈzeɪʃn̩
claim,kleɪm
class,klɑːs
classic,ˈklasɪk
classical,ˈkəlasɪkəl
classify,ˈklasɪfaɪ
classroom,ˈklasruːm
clay,kleɪ
clean,kliːn
clear,kliə
clearly,ˈkliəli
clerk,klɑːk
click,klɪk
client,ˈklaɪənt
cliff,klɪf
climate,ˈklaɪmət
climb,klaɪm
cling,klɪŋ
clinic,ˈklɪnɪk
clinical,ˈklɪnɪkəl
clip,klɪp
clock,ˈklɒk
close,kləʊz
closed,kləʊzd
closely,ˈkləʊsli
closer,ˈkləʊsə
closest,ˈkləʊsɪst
closet,ˈklɒzɪt
cloth,klɒθ
clothes,kləʊðz
clothing,ˈkləʊðɪŋ
cloud,klaʊd
club,klʌb
clue,kluː
cluster,ˈklʌstə
coach,kəʊʧ
coal,kəʊl
coalition,ˌkəʊəˈlɪʃn̩
coast,kəʊst
coastal,ˈkəʊstəl
coat,ˈkəʊt
cocaine,kəʊˈkeɪn
code,kəʊd
coffee,ˈkɒfi
cognitive,ˈkɒgnətɪv
coin,kɔɪn
cold,kəʊld
collaboration,kəˌlabəˈreɪʃn̩
collapse,kəˈlaps
collar,ˈkɒlə
colleague,ˈkɒliːg
collect,kəˈlekt
collection,kəˈlekʃn̩
collective,kəˈlektɪv
collector,kəˈlektə
college,ˈkɒlɪʤ
colonial,kəˈləʊniəl
colony,ˈkɒləni
colour,ˈkʌlə
colourful,ˈkʌləfəl
column,ˈkɒləm
columnist,ˈkɒləmnɪst
combat,ˈkɒmbat
combination,ˌkɒmbɪˈneɪʃn̩
combine,kəmˈbaɪn
combined,kəmˈbaɪnd
come,kʌm
comedy,ˈkɒmədi
comfort,ˈkʌmfət
comfortable,ˈkʌmftəbɫ̩
coming,ˈkʌmɪŋ
command,kəˈmɑːnd
commander,kəˈmɑːndə
comment,ˈkɒment
commercial,kəˈmɜːʃəl
commission,kəˈmɪʃn̩
commissioner,kəˈmɪʃənə
commit,kəˈmɪt
commitment,kəˈmɪtmənt
committee,kəˈmɪti
commodity,kəˈmɒdɪti
common,ˈkɒmən
commonly,ˈkɒmənli
communicate,kəˈmjuːnɪkeɪt
communication,kəˌmjuːnɪˈkeɪʃn̩
community,kəˈmjuːnɪti
companion,kəmˈpanjən
company,ˈkʌmpəni
comparable,ˈkɒmpərəbɫ̩
compare,kəmˈpeə
comparison,kəmˈparɪsn̩
compel,kəmˈpel
compelling,kəmˈpelɪŋ
compensation,ˌkɒmpenˈseɪʃn̩
compete,kəmˈpiːt
competition,ˌkɒmpəˈtɪʃn̩
competitive,kəmˈpetətɪv
competitor,kəmˈpetɪtə
complain,kəmˈpleɪn
complaint,kəmˈpleɪnt
complete,kəmˈpliːt
completely,kəmˈpliːtli
complex,ˈkɒmpleks
complexity,kəmˈpleksɪti
compliance,kəmˈplaɪəns
complicated,ˈkɒmplɪkeɪtɪd
comply,kəmˈplaɪ
component,kəmˈpəʊnənt
compose,kəmˈpəʊz
composition,ˌkɒmpəˈzɪʃn̩
compound,kəmˈpaʊnd
comprehensive,ˌkɒmprɪˈhensɪv
comprise,kəmˈpraɪz
compromise,ˈkɒmprəmaɪz
computer,kəmˈpjuːtə
concede,kənˈsiːd
conceive,kənˈsiːv
concentrate,ˈkɒnsəntreɪt
concentration,ˌkɒnsənˈtreɪʃn̩
concept,ˈkɒnsept
conception,kənˈsepʃn̩
concern,kənˈsɜːn
concerned,kənˈsɜːnd
concerning,kənˈsɜːnɪŋ
concert,kənˈsɜːt
conclude,kənˈkluːd
conclusion,kənˈkluːʒn̩
concrete,ˈkɒŋkriːt
condemn,kənˈdem
condition,kənˈdɪʃn̩
conduct,kənˈdʌkt
conduct,kənˈdʌkt
conference,ˈkɒnfərəns
confess,kənˈfes
confession,kənˈfeʃn̩
confidence,ˈkɒnfɪdəns
confident,ˈkɒnfɪdənt
confirm,kənˈfɜːm
conflict,kənˈflɪkt
confront,kənˈfrʌnt
confrontation,ˌkɒnfrʌnˈteɪʃn̩
confuse,kənˈfjuːz
confusion,kənˈfjuːʒn̩
congress,ˈkɒŋgres
congressional,kənˈgreʃn̩əl
connect,kəˈnekt
connection,kəˈnekʃn̩
conscience,ˈkɒnʃəns
conscious,ˈkɒnʃəs
consciousness,ˈkɒnʃəsnəs
consecutive,kənˈsekjʊtɪv
consensus,kənˈsensəs
consent,kənˈsent
consequence,ˈkɒnsɪkwəns
consequently,ˈkɒnsɪkwəntli
conservation,ˌkɒnsəˈveɪʃn̩
conservative,kənˈsɜːvətɪv
consider,kənˈsɪdə
considerable,kənˈsɪdərəbɫ̩
considerably,kənˈsɪdərəbli
consideration,kənˌsɪdəˈreɪʃn̩
consist,kənˈsɪst
consistent,kənˈsɪstənt
consistently,kənˈsɪstəntli
conspiracy,kənˈspɪrəsi
constant,ˈkɒnstənt
constantly,ˈkɒnstəntli
constitute,ˈkɒnstɪtjuːt
constitution,ˌkɒnstɪˈtjuːʃn̩
constitutional,ˌkɒnstɪˈtjuːʃn̩əl
constraint,kənˈstreɪnt
construct,kənˈstrʌkt
construction,kənˈstrʌkʃn̩
consult,kənˈsʌlt
consultant,kənˈsʌltənt
consume,kənˈsjuːm
consumer,kənˈsjuːmə
consumption,kənˈsʌmpʃn̩
contact,ˈkɒntakt
contain,kənˈteɪn
container,kənˈteɪnə
contemplate,ˈkɒntəmpleɪt
contemporary,kənˈtemprəri
contend,kənˈtend
content,kənˈtent
contest,kənˈtest
context,ˈkɒntekst
continent,ˈkɒntɪnənt
continue,kənˈtɪnjuː
continued,kənˈtɪnjuːd
continuing,kənˈtɪnjuːɪŋ
continuous,kənˈtɪnjʊəs
contract,kənˈtrakt
contractor,ˈkɒntraktə
contrast,kənˈtrɑːst
contribute,kənˈtrɪbjuːt
contribution,ˌkɒntrɪˈbjuːʃn̩
contributor,kənˈtrɪbjuːtə
control,kənˈtrəʊl
controversial,ˌkɒntrəˈvɜːʃəl
controversy,ˈkɒntrəvɜːsi
convenience,kənˈviːniəns
convention,kənˈvenʃn̩
conventional,kənˈvenʃn̩əl
conversation,ˌkɒnvəˈseɪʃn̩
conversion,kənˈvɜːʃn̩
convert,kənˈvɜːt
convey,kənˈveɪ
convict,kənˈvɪkt
conviction,kənˈvɪkʃn̩
convince,kənˈvɪns
convinced,kənˈvɪnst
cook,kʊk
cookie,ˈkʊki
cooking,ˈkʊkɪŋ
cool,kuːl
cooperate,kəʊˈɒpəreɪt
cooperation,kəʊˌɒpəˈreɪʃn̩
cooperative,kəʊˈɒpərətɪv
coordinate,ˌkəʊˈɔːdɪneɪt
coordinator,kəʊˈɔːdɪneɪtə
cop,kɒp
cope,kəʊp
copy,ˈkɒpi
cord,kɔːd
core,kɔː
corn,kɔːn
corner,ˈkɔːnə
corporate,ˈkɔːpərət
corporation,ˌkɔːpəˈreɪʃn̩
correct,kəˈrekt
correctly,kəˈrektli
correlation,ˌkɒrəˈleɪʃn̩
correspondent,ˌkɒrɪˈspɒndənt
corridor,ˈkɒrɪdɔː
corruption,kəˈrʌpʃn̩
cost,kɒst
costly,ˈkɒstli
costume,ˈkɒstjuːm
cottage,ˈkɒtɪʤ
cotton,ˈkɒtn̩
couch,kaʊʧ
could,kʊd
council,ˈkaʊnsəl
counsel,ˈkaʊnsəl
counselling,ˈkaʊnsəlɪŋ
counsellor,ˈkaʊnsələ
count,kaʊnt
counter,ˈkaʊntə
counterpart,ˈkaʊntəpɑːt
country,ˈkʌntri
county,ˈkaʊnti
coup,kuː
couple,ˈkʌpɫ̩
courage,ˈkʌrɪʤ
course,kɔːs
court,kɔːt
courtroom,ˈkɔːtruːm
cousin,ˈkʌzn̩
cover,ˈkʌvə
coverage,ˈkʌvərɪʤ
cow,kaʊ
crack,krak
craft,krɑːft
crash,kraʃ
crawl,krɔːl
crazy,ˈkreɪzi
cream,kriːm
create,kriːˈeɪt
creation,kriːˈeɪʃn̩
creative,kriːˈeɪtɪv
creativity,ˌkriːeɪˈtɪvəti
creature,ˈkriːʧə
credibility,ˌkredɪˈbɪlɪti
credit,ˈkredɪt
crew,kruː
crime,kraɪm
criminal,ˈkrɪmɪnəl
crisis,ˈkraɪsɪs
criteria,kraɪˈtɪːriə
critic,ˈkrɪtɪk
critical,ˈkrɪtɪkəl
criticism,ˈkrɪtɪsɪzəm
criticise,ˈkrɪtɪˌsaɪz
crop,krɒp
cross,ˈkrɒs
crowd,kraʊd
crowded,ˈkraʊdɪd
crucial,ˈkruːʃəl
cruel,krʊəl
cruise,kruːz
crush,krʌʃ
cry,kraɪ
crystal,ˈkrɪstəl
cuban,ˈkjuːbən
cue,kjuː
cultural,ˈkʌlʧərəl
culture,ˈkʌlʧə
cup,kʌp
cure,kjʊə
curiosity,ˌkjʊərɪˈɒsɪti
curious,ˈkjʊəriəs
currency,ˈkʌrənsi
current,ˈkʌrənt
currently,ˈkʌrəntli
curriculum,kəˈrɪkjʊləm
curtain,ˈkɜːtn̩
curve,kɜːv
custody,ˈkʌstədi
custom,ˈkʌstəm
customer,ˈkʌstəmə
cut,kʌt
cute,kjuːt
cycle,ˈsaɪkɫ̩
dad,dad
daily,ˈdeɪli
dam,dam
damage,ˈdamɪʤ
damn,dam
dance,dɑːns
dance,dɑːns
dancer,ˈdɑːnsə
dancing,ˈdɑːnsɪŋ
danger,ˈdeɪnʤə
dangerous,ˈdeɪnʤərəs
dare,deə
dark,dɑːk
darkness,ˈdɑːknəs
data,ˈdeɪtə
database,ˈdeɪtəbeɪs
date,deɪt
daughter,ˈdɔːtə
dawn,dɔːn
day,deɪ
dead,ded
deadline,ˈdedlaɪn
deadly,ˈdedli
deal,diːl
dealer,ˈdiːlə
dear,diə
death,deθ
debate,dɪˈbeɪt
debris,ˈdeɪbriː
debt,det
debut,ˈdeɪbjuː
decade,ˈdekeɪd
decent,ˈdiːsənt
decide,dɪˈsaɪd
decision,dɪˈsɪʒn̩
deck,dek
declare,dɪˈkleə
decline,dɪˈklaɪn
decorate,ˈdekəreɪt
decrease,dɪˈkriːs
dedicate,ˈdedɪkeɪt
deem,diːm
deep,diːp
deep,diːp
deeply,ˈdiːpli
deer,diə
defeat,dɪˈfiːt
defeat,dɪˈfiːt
defend,dɪˈfend
defendant,dɪˈfendənt
defender,dɪˈfendə
defense,dɪˈfens
defensive,dɪˈfensɪv
deficit,ˈdefɪsɪt
define,dɪˈfaɪn
definitely,ˈdefɪnətli
definition,ˌdefɪˈnɪʃn̩
degree,dɪˈgriː
delay,dɪˈleɪ
deliberately,dɪˈlɪbərətli
delicate,ˈdelɪkət
delight,dɪˈlaɪt
deliver,dɪˈlɪvə
delivery,dɪˈlɪvəri
demand,dɪˈmɑːnd
democracy,dɪˈmɒkrəsi
democrat,ˈdeməkrat
democratic,ˌdeməˈkratɪk
demographic,ˌdeməˈgrafɪk
demonstrate,ˈdemənstreɪt
demonstration,ˌdemənˈstreɪʃn̩
denial,dɪˈnaɪəl
dense,dens
density,ˈdensɪti
deny,dɪˈnaɪ
depart,dɪˈpɑːt
department,dɪˈpɑːtmənt
departure,dɪˈpɑːʧə
depend,dɪˈpend
dependent,dɪˈpendənt
depending,dɪˈpendɪŋ
depict,dɪˈpɪkt
deploy,dɪˈplɔɪ
deposit,dɪˈpɒzɪt
depressed,dɪˈprest
depression,dɪˈpreʃn̩
depth,depθ
deputy,ˈdepjʊti
derive,dɪˈraɪv
descend,dɪˈsend
describe,dɪˈskraɪb
description,dɪˈskrɪpʃn̩
desert,ˈdezət
deserve,dɪˈzɜːv
design,dɪˈzaɪn
designer,dɪˈzaɪnə
desire,dɪˈzaɪə
desk,desk
desperate,ˈdespərət
desperately,ˈdespərətli
despite,dɪˈspaɪt
dessert,dɪˈzɜːt
destination,ˌdestɪˈneɪʃn̩
destroy,dɪˈstrɔɪ
destruction,dɪˈstrʌkʃn̩
detail,ˈdiːteɪl
detailed,ˈdiːteɪld
detect,dɪˈtekt
detective,dɪˈtektɪv
determination,dɪˌtɜːmɪˈneɪʃn̩
determine,dɪˈtɜːmɪn
devastating,ˈdevəsteɪtɪŋ
develop,dɪˈveləp
developer,dɪˈveləpə
developing,dɪˈveləpɪŋ
development,dɪˈveləpmənt
developmental,dɪˌveləpˈmentəl
device,dɪˈvaɪs
devil,ˈdevəl
devote,dɪˈvəʊt
diabetes,ˌdaɪəˈbiːtɪz
diagnose,ˈdaɪəgnəʊz
diagnosis,ˌdaɪəgˈnəʊsɪs
dialogue,ˈdaɪəlɒg
diamond,ˈdaɪmənd
diary,ˈdaɪəri
dictate,dɪkˈteɪt
die,daɪ
diet,ˈdaɪət
differ,ˈdɪfə
difference,ˈdɪfrəns
different,ˈdɪfrənt
differently,ˈdɪfrəntli
difficult,ˈdɪfɪkəlt
difficulty,ˈdɪfɪkəlti
dig,dɪg
digital,ˈdɪʤɪtəl
dignity,ˈdɪgnɪti
dilemma,dɪˈlemə
dimension,dɪˈmenʃn̩
diminish,dɪˈmɪnɪʃ
dining,ˈdaɪnɪŋ
dinner,ˈdɪnə
dip,dɪp
diplomat,ˈdɪpləmat
diplomatic,ˌdɪpləˈmatɪk
direct,dɪˈrekt
direction,dɪˈrekʃn̩
directly,dɪˈrektli
director,dɪˈrektə
dirt,dɜːt
dirty,ˈdɜːti
disability,ˌdɪsəˈbɪlɪti
disabled,dɪsˈeɪbɫ̩d
disagree,ˌdɪsəˈgriː
disappear,ˌdɪsəˈpiə
disappointed,ˌdɪsəˈpɔɪntɪd
disappointment,ˌdɪsəˈpɔɪntmənt
disaster,dɪˈzɑːstə
disc,dɪsk
discipline,ˈdɪsɪplɪn
disclose,dɪsˈkləʊz
discount,ˈdɪskaʊnt
discourage,dɪsˈkʌrɪʤ
discourse,ˈdɪskɔːs
discover,dɪˈskʌvə
discovery,dɪˈskʌvəri
discrimination,dɪˌskrɪmɪˈneɪʃn̩
discuss,dɪˈskʌs
discussion,dɪˈskʌʃn̩
disease,dɪˈziːz
dish,dɪʃ
disk,dɪsk
dismiss,dɪzˈmɪs
disorder,dɪsˈɔːdə
display,dɪˈspleɪ
dispute,dɪˈspjuːt
dissolve,dɪˈzɒlv
distance,ˈdɪstəns
distant,ˈdɪstənt
distinct,dɪˈstɪŋkt
distinction,dɪˈstɪŋkʃn̩
distinctive,dɪˈstɪŋktɪv
distinguish,dɪˈstɪŋgwɪʃ
distract,dɪˈstrakt
distribute,dɪˈstrɪbjuːt
distribution,ˌdɪstrɪˈbjuːʃn̩
district,ˈdɪstrɪkt
disturb,dɪˈstɜːb
disturbing,dɪˈstɜːbɪŋ
diverse,daɪˈvɜːs
diversity,daɪˈvɜːsɪti
divide,dɪˈvaɪd
divine,dɪˈvaɪn
division,dɪˈvɪʒn̩
divorce,dɪˈvɔːs
do,duː
dock,ˈdɒk
doctor,ˈdɒktə
doctrine,ˈdɒktrɪn
document,ˈdɒkjʊment
documentary,ˌdɒkjʊˈmentəri
dog,dɒg
doll,dɒl
domain,dəʊˈmeɪn
domestic,dəˈmestɪk
dominant,ˈdɒmɪnənt
dominate,ˈdɒmɪneɪt
donate,dəʊˈneɪt
donation,dəʊˈneɪʃn̩
donor,ˈdəʊnə
door,dɔː
doorway,ˈdɔːweɪ
dose,dəʊs
dot,dɒt
double,ˈdʌbɫ̩
doubt,daʊt
dough,dəʊ
down,daʊn
downtown,ˈdaʊntaʊn
dozen,ˈdʌzn̩
draft,drɑːft
drag,drag
drain,dreɪn
drama,ˈdrɑːmə
dramatic,drəˈmatɪk
dramatically,drəˈmatɪkli
draw,drɔː
drawer,drɔː
drawing,ˈdrɔːɪŋ
dream,driːm
dress,dres
dried,draɪd
drift,drɪft
drill,drɪl
drink,drɪŋk
drinking,ˈdrɪŋkɪŋ
drive,draɪv
driver,ˈdraɪvə
driveway,ˈdraɪvweɪ
driving,ˈdraɪvɪŋ
drop,drɒp
drown,draʊn
drug,ˈdrʌg
drum,drʌm
drunk,drʌŋk
dry,draɪ
duck,dʌk
due,djuː
dumb,dʌm
dump,dʌmp
during,ˈdjʊərɪŋ
dust,dʌst
dutch,dʌʧ
duty,ˈdjuːti
dying,ˈdaɪɪŋ
dynamic,daɪˈnamɪk
dynamics,daɪˈnamɪks
each,iːʧ
eager,ˈiːgə
ear,iə
early,ˈɜːli
earn,ɜːn
earnings,ˈɜːnɪŋz
earth,ɜːθ
earthquake,ˈɜːθkweɪk
ease,iːz
easily,ˈiːzəli
east,iːst
eastern,ˈiːstən
easy,ˈiːzi
eat,iːt
eating,ˈiːtɪŋ
echo,ˈekəʊ
ecological,ˌiːkəˈlɒʤɪkəl
economic,ˌiːkəˈnɒmɪk
economically,ˌiːkəˈnɒmɪkli
economics,ˌiːkəˈnɒmɪks
economist,ɪˈkɒnəmɪst
economy,ɪˈkɒnəmi
ecosystem,ˈiːkəʊsɪstəm
edge,eʤ
edit,ˈedɪt
edition,ɪˈdɪʃn̩
editor,ˈedɪtə
educate,ˈeʤʊkeɪt
education,ˌeʤʊˈkeɪʃn̩
educational,ˌeʤʊˈkeɪʃn̩əl
educator,ˈeʤʊkeɪtə
effect,ɪˈfekt
effective,ɪˈfektɪv
effectively,ɪˈfektɪvli
effectiveness,ɪˈfektɪvnəs
efficiency,ɪˈfɪʃənsi
efficient,ɪˈfɪʃənt
effort,ˈefət
egg,eg
ego,ˈegəʊ
eight,eɪt
eighth,eɪtθ
either,ˈaɪðə
elaborate,ɪˈlabəreɪt
elbow,ˈelbəʊ
elder,ˈeldə
elderly,ˈeldəli
elect,ɪˈlekt
election,ɪˈlekʃn̩
electric,ɪˈlektrɪk
electrical,ɪˈlektrɪkəl
electricity,ɪˌlekˈtrɪsɪti
electronic,ˌɪlekˈtrɒnɪk
electronics,ˌɪlekˈtrɒnɪks
elegant,ˈelɪgənt
element,ˈelɪmənt
elementary,ˌelɪˈmentəri
elephant,ˈelɪfənt
elevator,ˈelɪveɪtə
eleven,ɪˈlevn̩
eligible,ˈelɪʤəbɫ̩
eliminate,ɪˈlɪmɪneɪt
elite,eɪˈliːt
else,els
elsewhere,ˌelsˈweə
email,ˈiːmeɪl
embarrassed,ɪmˈbarəst
embrace,ɪmˈbreɪs
emerge,ɪˈmɜːʤ
emergency,ɪˈmɜːʤənsi
emerging,ɪˈmɜːʤɪŋ
emission,ɪˈmɪʃn̩
emotion,ɪˈməʊʃn̩
emotional,ɪˈməʊʃn̩əl
emotionally,ɪˈməʊʃənəli
emphasis,ˈemfəsɪs
emphasise,ˈemfəˌsaɪz
empire,ˈempaɪə
employ,ɪmˈplɔɪ
employee,ˌemplɔɪˈiː
employer,ɪmˈplɔɪə
employment,ɪmˈplɔɪmənt
empty,ˈempti
enable,ɪˈneɪbɫ̩
enact,ɪˈnakt
encounter,ɪnˈkaʊntə
encourage,ɪnˈkʌrɪʤ
encouraging,ɪnˈkʌrɪʤɪŋ
end,end
endless,ˈendlɪs
endorse,ɪnˈdɔːs
endure,ɪnˈdjʊə
enemy,ˈenəmi
energy,ˈenəʤi
enforce,ɪnˈfɔːs
enforcement,ɪnˈfɔːsmənt
engage,ɪnˈgeɪʤ
engagement,ɪnˈgeɪʤmənt
engine,ˈenʤɪn
engineer,ˌenʤɪˈniə
engineering,ˌenʤɪˈniərɪŋ
english,ˈɪŋglɪʃ
enhance,ɪnˈhɑːns
enjoy,ɪnˈʤɔɪ
enormous,ɪˈnɔːməs
enough,ɪˈnʌf
enrol,ɪnˈrəʊl
ensure,ɪnˈʃʊə
enter,ˈentə
enterprise,ˈentəpraɪz
entertainment,ˌentəˈteɪnmənt
enthusiasm,ɪnˈθjuːzɪazəm
entire,ɪnˈtaɪə
entirely,ɪnˈtaɪəli
entitle,ɪnˈtaɪtɫ̩
entity,ˈentɪti
entrance,ɪnˈtrɑːns
entrepreneur,ˌɒntrəprəˈnɜː
entry,ˈentri
envelope,ˈenvələʊp
environment,ɪnˈvaɪrənmənt
environmental,ɪnˌvaɪrənˈmentəl
envision,ɪnˈvɪʒn̩
epidemic,ˌepɪˈdemɪk
episode,ˈepɪsəʊd
equal,ˈiːkwəl
equality,ɪˈkwɒlɪti
equally,ˈiːkwəli
equation,ɪˈkweɪʒn̩
equip,ɪˈkwɪp
equipment,ɪˈkwɪpmənt
equity,ˈekwɪti
equivalent,ɪˈkwɪvələnt
era,ˈiərə
error,ˈerə
escape,ɪˈskeɪp
especially,ɪˈspeʃəli
essay,eˈseɪ
essence,ˈesəns
essential,ɪˈsenʃəl
essentially,ɪˈsenʃəli
establish,ɪˈstablɪʃ
establishment,ɪˈstablɪʃmənt
estate,ɪˈsteɪt
estimate,ˈestɪmeɪt
estimated,ˈestɪmeɪtɪd
ethical,ˈeθɪkəl
ethics,ˈeθɪks
ethnic,ˈeθnɪk
european,ˌjʊərəˈpiən
evaluate,ɪˈvaljʊeɪt
evaluation,ɪˌvaljʊˈeɪʃn̩
even,ˈiːvn̩
evening,ˈiːvn̩ɪŋ
event,ɪˈvent
eventually,ɪˈvenʧʊəli
ever,ˈevə
every,ˈevri
everybody,ˈevrɪˌbɒdi
everyday,ˈevrɪdeɪ
everyone,ˈevrɪwʌn
everything,ˈevrɪθɪŋ
everywhere,ˈevrɪweə
evidence,ˈevɪdəns
evident,ˈevɪdənt
evil,ˈiːvəl
evolution,ˌiːvəˈluːʃn̩
evolve,ɪˈvɒlv
exact,ɪgˈzakt
exactly,ɪgˈzaktli
exam,ɪgˈzam
examination,ɪgˌzamɪˈneɪʃn̩
examine,ɪgˈzamɪn
example,ɪgˈzɑːmpɫ̩
exceed,ɪkˈsiːd
excellent,ˈeksələnt
except,ɪkˈsept
exception,ɪkˈsepʃn̩
excessive,ɪkˈsesɪv
exchange,ɪkˈsʧeɪnʤ
excited,ɪkˈsaɪtɪd
excitement,ɪkˈsaɪtmənt
exciting,ɪkˈsaɪtɪŋ
exclude,ɪkˈskluːd
exclusive,ɪkˈskluːsɪv
exclusively,ɪkˈskluːsɪvli
excuse,ɪkˈskjuːz
execute,ˈeksɪkjuːt
execution,ˌeksɪˈkjuːʃn̩
executive,ɪgˈzekjʊtɪv
exercise,ˈeksəsaɪz
exhaust,ɪgˈzɔːst
exhibit,ɪgˈzɪbɪt
exhibition,ˌeksɪˈbɪʃn̩
exist,ɪgˈzɪst
existence,ɪgˈzɪstəns
existing,ɪgˈzɪstɪŋ
exit,ˈeksɪt
exotic,ɪgˈzɒtɪk
expand,ɪkˈspand
expansion,ɪkˈspanʃn̩
expect,ɪkˈspekt
expectation,ˌekspekˈteɪʃn̩
expected,ɪkˈspektɪd
expedition,ˌekspɪˈdɪʃn̩
expense,ɪkˈspens
expensive,ɪkˈspensɪv
experience,ɪkˈspɪːriəns
experienced,ɪkˈspɪːriənst
experiment,ɪkˈsperɪmənt
experimental,ɪkˌsperɪˈmentəl
expert,ˈekspɜːt
expertise,ˌekspɜːˈtiːz
explain,ɪkˈspleɪn
explanation,ˌekspləˈneɪʃn̩
explicit,ɪkˈsplɪsɪt
explode,ɪkˈspləʊd
exploit,ɪkˈsplɔɪt
exploration,ˌekspləˈreɪʃn̩
explore,ɪkˈsplɔː
explosion,ɪkˈspləʊʒn̩
export,ɪkˈspɔːt
expose,ɪkˈspəʊz
exposure,ɪkˈspəʊʒə
express,ɪkˈspres
expression,ɪkˈspreʃn̩
extend,ɪkˈstend
extended,ɪkˈstendɪd
extension,ɪkˈstenʃn̩
extensive,ɪkˈstensɪv
extent,ɪkˈstent
external,ɪkˈstɜːnəl
extra,ˈekstrə
extraordinary,ɪkˈstrɔːdn̩ri
extreme,ɪkˈstriːm
extremely,ɪkˈstriːmli
eye,aɪ
eyebrow,ˈaɪbraʊ
fabric,ˈfabrɪk
face,feɪs
facilitate,fəˈsɪlɪteɪt
facility,fəˈsɪlɪti
fact,fakt
factor,ˈfaktə
factory,ˈfaktəri
faculty,ˈfakəlti
fade,feɪd
fail,feɪl
failure,ˈfeɪljə
faint,feɪnt
fair,feə
fairly,ˈfeəli
faith,feɪθ
fall,fɔːl
0,ˈfɔːls
fame,feɪm
familiar,fəˈmɪliə
family,ˈfaməli
famous,ˈfeɪməs
fan,fan
fantastic,fanˈtastɪk
fantasy,ˈfantəsi
far,ˈfɑː
fare,feə
farm,fɑːm
farmer,ˈfɑːmə
fascinating,ˈfasɪneɪtɪŋ
fashion,ˈfaʃn̩
fast,fɑːst
faster,ˈfɑːstə
fat,fat
fatal,ˈfeɪtəl
fate,feɪt
father,ˈfɑːðə
fatigue,fəˈtiːg
fault,fɔːlt
favour,ˈfeɪvə
favourable,ˈfeɪvərəbɫ̩
favourite,ˈfeɪvərɪt
fear,fiə
feather,ˈfeðə
feature,ˈfiːʧə
federal,ˈfedərəl
fee,fiː
feed,fiːd
feedback,ˈfiːdbak
feel,fiːl
feeling,ˈfiːlɪŋ
fellow,ˈfeləʊ
female,ˈfiːmeɪl
female,ˈfiːmeɪl
feminist,ˈfemɪnɪst
fence,fens
festival,ˈfestɪvəl
fever,ˈfiːvə
few,fjuː
fewer,ˈfjuːə
fibre,ˈfaɪbə
fiction,ˈfɪkʃn̩
field,fiːld
fierce,fiəs
fifteen,ˌfɪfˈtiːn
fifth,ˈfɪfθ
fifty,ˈfɪfti
fight,faɪt
fighter,ˈfaɪtə
fighting,ˈfaɪtɪŋ
figure,ˈfɪgə
file,faɪl
fill,fɪl
film,fɪlm
filter,ˈfɪltə
final,ˈfaɪnəl
finally,ˈfaɪnəli
finance,ˈfaɪnans
financial,faɪˈnanʃəl
find,faɪnd
finding,ˈfaɪndɪŋ
fine,faɪn
finger,ˈfɪŋgə
finish,ˈfɪnɪʃ
fire,ˈfaɪə
firm,fɜːm
firmly,ˈfɜːmli
first,ˈfɜːst
fiscal,ˈfɪskəl
fish,fɪʃ
fisherman,ˈfɪʃəmən
fishing,ˈfɪʃɪŋ
fist,fɪst
fit,fɪt
fitness,ˈfɪtnəs
five,faɪv
fix,fɪks
fixed,fɪkst
flag,flag
flame,fleɪm
flash,flaʃ
flat,flat
flavour,ˈfleɪvə
flee,fliː
fleet,fliːt
flesh,fleʃ
flexibility,ˌfleksəˈbɪlɪti
flexible,ˈfleksəbɫ̩
flight,flaɪt
flip,flɪp
float,fləʊt
flood,flʌd
floor,flɔː
flour,ˈflaʊə
flow,fləʊ
flower,ˈflaʊə
fluid,ˈfluːɪd
fly,flaɪ
flying,ˈflaɪɪŋ
focus,ˈfəʊkəs
fog,fɒg
fold,fəʊld
folk,fəʊk
follow,ˈfɒləʊ
following,ˈfɒləʊɪŋ
food,fuːd
fool,fuːl
foot,fʊt
football,ˈfʊtbɔːl
for,fɔː
forbid,fəˈbɪd
force,fɔːs
forehead,ˈfɒrɪd
foreign,ˈfɒrən
foreigner,ˈfɒrənə
forest,ˈfɒrɪst
forever,fəˈrevə
forget,fəˈget
forgive,fəˈgɪv
fork,fɔːk
form,ˈfɔːm
formal,ˈfɔːməl
format,ˈfɔːmat
formation,fɔːˈmeɪʃn̩
former,ˈfɔːmə
formerly,ˈfɔːməli
formula,ˈfɔːmjʊlə
forth,fɔːθ
fortunately,ˈfɔːʧənətli
fortune,ˈfɔːʧuːn
forty,ˈfɔːti
forum,ˈfɔːrəm
forward,ˈfɔːwəd
foster,ˈfɒstə
found,faʊnd
foundation,faʊnˈdeɪʃn̩
founder,ˈfaʊndə
four,fɔː
fourth,ˈfɔːθ
fraction,ˈfrakʃn̩
fragile,ˈfraʤaɪl
fragment,fragˈment
frame,freɪm
framework,ˈfreɪmwɜːk
franchise,ˈfranʧaɪz
frankly,ˈfraŋkli
fraud,frɔːd
free,friː
freedom,ˈfriːdəm
freely,ˈfriːli
freeze,friːz
french,frenʧ
frequency,ˈfriːkwənsi
frequent,frɪˈkwent
frequently,ˈfriːkwəntli
fresh,freʃ
freshman,ˈfreʃmən
friend,ˈfrend
friendly,ˈfrendli
friendship,ˈfrendʃɪp
from,frɒm
front,frʌnt
frontier,ˈfrʌntiə
frown,fraʊn
frozen,ˈfrəʊzən
fruit,fruːt
frustrate,frʌˈstreɪt
frustration,frʌˈstreɪʃn̩
fucking,ˈfʌkɪŋ
fuel,ˈfjuːəl
full,fʊl
full-time,fʊlˈtaɪm
fully,ˈfʊli
fun,fʌn
function,ˈfʌŋkʃn̩
functional,ˈfʌŋkʃn̩əl
fund,fʌnd
fundamental,ˌfʌndəˈmentəl
funding,ˈfʌndɪŋ
funeral,ˈfjuːnərəl
funny,ˈfʌni
fur,fɜː
furniture,ˈfɜːnɪʧə
furthermore,ˌfɜːðəˈmɔː
future,ˈfjuːʧə
gain,geɪn
galaxy,ˈgaləksi
gallery,ˈgaləri
game,geɪm
gang,gaŋ
gap,gap
garage,ˈgarɑːʒ
garbage,ˈgɑːbɪʤ
garden,ˈgɑːdn̩
garlic,ˈgɑːlɪk
gas,gas
gasoline,ˈgasəliːn
gate,geɪt
gather,ˈgaðə
gathering,ˈgaðərɪŋ
gay,geɪ
gaze,geɪz
gear,giə
gender,ˈʤendə
gene,ʤiːn
general,ˈʤenr̩əl
generally,ˈʤenr̩əli
generate,ˈʤenəreɪt
generation,ˌʤenəˈreɪʃn̩
generous,ˈʤenərəs
genetic,ʤɪˈnetɪk
genius,ˈʤiːniəs
genre,ˈʒɑːnrə
gentle,ˈʤentɫ̩
gentleman,ˈʤentɫ̩mən
gently,ˈʤentli
genuine,ˈʤenjʊɪn
german,ˈʤɜːmən
gesture,ˈʤesʧə
get,ˈget
ghost,gəʊst
giant,ˈʤaɪənt
gift,gɪft
gifted,ˈgɪftɪd
girl,gɜːl
girlfriend,ˈgɜːlfrend
give,gɪv
given,gɪvn̩
glad,glad
glance,glɑːns
glass,ˈglɑːs
glimpse,glɪmps
global,ˈgləʊbəl
globe,gləʊb
glory,ˈglɔːri
glove,glʌv
go,gəʊ
goal,gəʊl
goat,gəʊt
god,gɒd
gold,gəʊld
golden,ˈgəʊldən
golf,gɒlf
good,gʊd
govern,ˈgʌvn̩
government,ˈgʌvənmənt
governor,ˈgʌvənə
grab,grab
grace,greɪs
grade,greɪd
gradually,ˈgraʤʊəli
graduate,ˈgraʤʊeɪt
graduation,ˌgraʤʊˈeɪʃn̩
grain,greɪn
grand,grand
grandchild,ˈgranʧaɪld
grandfather,ˈgranfɑːðə
grandmother,ˈgranˌmʌðə
grandparent,ˈgranpeərənt
grant,grɑːnt
grape,greɪp
grasp,grɑːsp
grass,grɑːs
grateful,ˈgreɪtfəl
grave,greɪv
gravity,ˈgravɪti
gray,greɪ
great,ˈgreɪt
greatest,ˈgreɪtɪst
greatly,ˈgreɪtli
greek,ˈgriːk
green,ˈgriːn
greet,griːt
grief,ˈgriːf
grin,grɪn
grip,grɪp
grocery,ˈgrəʊsəri
gross,grəʊs
ground,graʊnd
group,gruːp
grow,grəʊ
growing,ˈgrəʊɪŋ
growth,grəʊθ
guarantee,ˌgarənˈtiː
guard,gɑːd
guard,gɑːd
guess,ges
guest,gest
guidance,ˈgaɪdəns
guide,gaɪd
guideline,ˈgaɪdlaɪn
guilt,gɪlt
guilty,ˈgɪlti
guitar,gɪˈtɑː
gun,gʌn
gut,gʌt
guy,gaɪ
gym,ʤɪm
habit,ˈhabɪt
habitat,ˈhabɪtat
hair,heə
half,hɑːf
halfway,hɑːfˈweɪ
hall,hɔːl
hallway,ˈhɔːlweɪ
hand,hand
handful,ˈhandfʊl
handle,ˈhandɫ̩
handsome,ˈhansəm
hang,haŋ
happen,ˈhapən
happily,ˈhapɪli
happiness,ˈhapinəs
happy,ˈhapi
harassment,ˈharəsmənt
hard,hɑːd
hardly,ˈhɑːdli
hardware,ˈhɑːdweə
harm,hɑːm
harmony,ˈhɑːməni
harsh,hɑːʃ
harvest,ˈhɑːvɪst
hat,hat
hate,heɪt
haul,hɔːl
have,hav
hay,heɪ
hazard,ˈhazəd
he,hi
head,hed
headache,ˈhedeɪk
headline,ˈhedlaɪn
headquarters,hedˈkwɔːtəz
heal,hiːl
health,helθ
healthy,ˈhelθi
hear,hiə
hearing,ˈhiərɪŋ
heart,hɑːt
heat,hiːt
heaven,ˈhevn̩
heavily,ˈhevɪli
heavy,ˈhevi
heel,hiːl
height,haɪt
helicopter,ˈhelɪkɒptə
hell,hel
hello,həˈləʊ
helmet,ˈhelmɪt
help,help
helpful,ˈhelpfəl
hence,hens
her,hə
herb,hɜːb
here,hiə
heritage,ˈherɪtɪʤ
hero,ˈhiərəʊ
hers,hɜːz
herself,hɜːˈself
hesitate,ˈhezɪteɪt
hey,heɪ
hidden,ˈhɪdn̩
hide,haɪd
high,haɪ
highlight,ˈhaɪlaɪt
highly,ˈhaɪli
high-tech,ˈhaɪˌtek
highway,ˈhaɪweɪ
hike,haɪk
hill,hɪl
him,hɪm
himself,hɪmˈself
hint,hɪnt
hip,hɪp
hire,ˈhaɪə
his,hɪz
his,hɪz
hispanic,hɪˈspanɪk
historian,hɪˈstɔːriən
historic,hɪˈstɒrɪk
historical,hɪˈstɒrɪkəl
historically,hɪˈstɒrɪkli
history,ˈhɪstr̩i
hit,hɪt
hockey,ˈhɒki
hold,həʊld
hole,həʊl
holiday,ˈhɒlədeɪ
holy,ˈhəʊli
home,həʊm
homeland,ˈhəʊmland
homeless,ˈhəʊmləs
homework,ˈhəʊmwɜːk
honest,ˈɒnɪst
honestly,ˈɒnɪstli
honey,ˈhʌni
honour,ˈɒnə
hook,hʊk
hope,həʊp
hope,həʊp
hopefully,ˈhəʊpfəli
horizon,həˈraɪzn̩
hormone,ˈhɔːməʊn
horn,hɔːn
horrible,ˈhɒrəbɫ̩
horror,ˈhɒrə
horse,hɔːs
hospital,ˈhɒspɪtəl
host,həʊst
hostage,ˈhɒstɪʤ
hostile,ˈhɒstaɪl
hot,hɒt
hotel,ˌhəʊˈtel
hour,ˈaʊə
house,ˈhaʊs
household,ˈhaʊshəʊld
housing,ˈhaʊzɪŋ
how,ˈhaʊ
however,haʊˈevə
hug,hʌg
huge,hjuːʤ
human,ˈhjuːmən
humanity,hjuːˈmanɪti
humour,ˈhjuːmə
hundred,ˈhʌndrəd
hunger,ˈhʌŋgə
hungry,ˈhʌŋgri
hunt,hʌnt
hunter,ˈhʌntə
hunting,ˈhʌntɪŋ
hurricane,ˈhʌrɪkən
hurry,ˈhʌri
hurt,hɜːt
husband,ˈhʌzbənd
hypothesis,haɪˈpɒθəsɪs
I,ˈaɪ
ice,aɪs
icon,ˈaɪkɒn
idea,aɪˈdiə
ideal,aɪˈdiəl
identical,aɪˈdentɪkəl
identification,aɪˌdentɪfɪˈkeɪʃn̩
identify,aɪˈdentɪfaɪ
identity,aɪˈdentɪti
ideological,ˌaɪdiəˈlɒʤɪkəl
ideology,ˌaɪdɪˈɒləʤi
if,ɪf
ignore,ɪgˈnɔː
ill,ɪl
illegal,ɪˈliːgəl
illness,ˈɪlnəs
illusion,ɪˈluːʒn̩
illustrate,ˈɪləstreɪt
image,ˈɪmɪʤ
imagination,ɪˌmaʤɪˈneɪʃn̩
imagine,ɪˈmaʤɪn
immediate,ɪˈmiːdiət
immediately,ɪˈmiːdiətli
immigrant,ˈɪmɪgrənt
immigration,ˌɪmɪˈgreɪʃn̩
immune,ɪˈmjuːn
impact,ɪmˈpakt
implement,ˈɪmplɪment
implementation,ˌɪmplɪmenˈteɪʃn̩
implication,ˌɪmplɪˈkeɪʃn̩
imply,ɪmˈplaɪ
import,ɪmˈpɔːt
importance,ɪmˈpɔːtəns
important,ɪmˈpɔːtənt
importantly,ɪmˈpɔːtəntli
impose,ɪmˈpəʊz
impossible,ɪmˈpɒsəbɫ̩
impress,ɪmˈpres
impression,ɪmˈpreʃn̩
impressive,ɪmˈpresɪv
improve,ɪmˈpruːv
improved,ɪmˈpruːvd
improvement,ɪmˈpruːvmənt
impulse,ˈɪmpʌls
in,ɪn
incentive,ɪnˈsentɪv
incident,ˈɪnsɪdənt
include,ɪnˈkluːd
including,ɪnˈkluːdɪŋ
income,ˈɪŋkʌm
incorporate,ɪnˈkɔːpəreɪt
increase,ɪnˈkriːs
increased,ɪnˈkriːst
increasing,ɪnˈkriːsɪŋ
increasingly,ɪnˈkriːsɪŋli
incredible,ɪnˈkredəbɫ̩
incredibly,ɪnˈkredəbli
indeed,ɪnˈdiːd
independence,ˌɪndɪˈpendəns
independent,ˌɪndɪˈpendənt
index,ˈɪndeks
indian,ˈɪndiən
indicate,ˈɪndɪkeɪt
indication,ˌɪndɪˈkeɪʃn̩
indicator,ˈɪndɪkeɪtə
indigenous,ɪnˈdɪʤɪnəs
individual,ˌɪndɪˈvɪʤʊəl
industrial,ɪnˈdʌstriəl
industry,ˈɪndəstri
inevitable,ɪnˈevɪtəbɫ̩
inevitably,ɪnˈevɪtəbli
infant,ˈɪnfənt
infection,ɪnˈfekʃn̩
inflation,ɪnˈfleɪʃn̩
influence,ˈɪnflʊəns
influential,ˌɪnflʊˈenʃəl
inform,ɪnˈfɔːm
informal,ɪnˈfɔːməl
information,ˌɪnfəˈmeɪʃn̩
infrastructure,ˈɪnfrəstrʌkʧə
ingredient,ɪnˈgriːdiənt
inherent,ɪnˈherənt
inherit,ɪnˈherɪt
initial,ɪˈnɪʃəl
initially,ɪˈnɪʃəli
initiate,ɪˈnɪʃɪeɪt
initiative,ɪˈnɪʃətɪv
injure,ˈɪnʤə
injury,ˈɪnʤəri
inmate,ˈɪnmeɪt
inner,ˈɪnə
innocent,ˈɪnəsənt
innovation,ˌɪnəˈveɪʃn̩
innovative,ˈɪnəveɪtɪv
input,ˈɪnpʊt
inquiry,ɪnˈkwaɪəri
insect,ˈɪnsekt
insert,ɪnˈsɜːt
inside,ɪnˈsaɪd
insight,ˈɪnsaɪt
insist,ɪnˈsɪst
inspection,ɪnˈspekʃn̩
inspector,ɪnˈspektə
inspiration,ˌɪnspəˈreɪʃn̩
inspire,ɪnˈspaɪə
install,ɪnˈstɔːl
installation,ˌɪnstəˈleɪʃn̩
instance,ˈɪnstəns
instant,ˈɪnstənt
instantly,ˈɪnstəntli
instead,ɪnˈsted
instinct,ˌɪnˈstɪŋkt
institution,ˌɪnstɪˈtjuːʃn̩
institutional,ˌɪnstɪˈtjuːʃnəl
instruct,ɪnˈstrʌkt
instruction,ɪnˈstrʌkʃn̩
instructional,ɪnˈstrʌkʃn̩əl
instructor,ɪnˈstrʌktə
instrument,ˈɪnstrʊmənt
insurance,ɪnˈʃʊərəns
intact,ɪnˈtakt
integrate,ˈɪntɪgreɪt
integrated,ˈɪntɪgreɪtɪd
integration,ˌɪntɪˈgreɪʃn̩
integrity,ɪnˈtegrɪti
intellectual,ˌɪntəˈlekʧʊəl
intelligence,ɪnˈtelɪʤəns
intelligent,ɪnˈtelɪʤənt
intend,ɪnˈtend
intense,ɪnˈtens
intensity,ɪnˈtensɪti
intent,ɪnˈtent
intention,ɪnˈtenʃn̩
interact,ˌɪntəˈrakt
interaction,ˌɪntəˈrakʃn̩
interest,ˈɪntrəst
interested,ˈɪntrəstɪd
interesting,ˈɪntrəstɪŋ
interfere,ˌɪntəˈfiə
interior,ɪnˈtɪːriə
internal,ɪnˈtɜːnəl
international,ˌɪntəˈnaʃn̩əl
internet,ˈɪntənet
interpret,ɪnˈtɜːprɪt
interpretation,ɪnˌtɜːprɪˈteɪʃn̩
interrupt,ˌɪntəˈrʌpt
interval,ˈɪntəvəl
intervention,ˌɪntəˈvenʃn̩
interview,ˈɪntəvjuː
intimate,ˈɪntɪmeɪt
into,ˈɪntə
introduce,ˌɪntrəˈdjuːs
introduction,ˌɪntrəˈdʌkʃn̩
invade,ɪnˈveɪd
invasion,ɪnˈveɪʒn̩
invent,ɪnˈvent
invention,ɪnˈvenʃn̩
inventory,ˈɪnvəntr̩i
invest,ɪnˈvest
investigate,ɪnˈvestɪgeɪt
investigation,ɪnˌvestɪˈgeɪʃn̩
investigator,ɪnˈvestɪgeɪtə
investment,ɪnˈvestmənt
investor,ɪnˈvestə
invisible,ɪnˈvɪzəbɫ̩
invitation,ˌɪnvɪˈteɪʃn̩
invite,ɪnˈvaɪt
involve,ɪnˈvɒlv
involved,ɪnˈvɒlvd
involvement,ɪnˈvɒlvmənt
iraqi,ɪˈrɑːki
irish,ˈaɪrɪʃ
iron,ˈaiən
ironically,aɪˈrɒnɪkli
irony,ˈaɪrəni
islam,ˈɪzlɑːm
islamic,ɪzˈlamɪk
island,ˈaɪlənd
isolate,ˈaɪsəleɪt
isolated,ˈaɪsəleɪtɪd
isolation,ˌaɪsəˈleɪʃn̩
israeli,ɪzˈreɪli
issue,ˈɪʃuː
it,ɪt
italian,ɪˈtaljən
item,ˈaɪtəm
its,ɪts
itself,ɪtˈself
jacket,ˈʤakɪt
jail,ʤeɪl
japanese,ˌʤapəˈniːz
jar,ʤɑː
jaw,ʤɔː
jazz,ʤaz
jeans,ʤiːnz
jet,ˈʤet
jew,ʤuː
jewelry,ˈʤuːəlri
jewish,ˈʤuːɪʃ
job,ʤɒb
join,ʤɔɪn
joint,ʤɔɪnt
joke,ʤəʊk
journal,ˈʤɜːnəl
journalism,ˈʤɜːnəlɪzəm
journalist,ˈʤɜːnəlɪst
journey,ˈʤɜːni
joy,ʤɔɪ
judge,ʤʌʤ
judge,ʤʌʤ
judgment,ˈʤʌʤmənt
judicial,ʤuːˈdɪʃəl
juice,ʤuːs
jump,ʤʌmp
jungle,ˈʤʌŋgɫ̩
junior,ˈʤuːniə
jurisdiction,ˌʤʊərɪsˈdɪkʃn̩
juror,ˈʤʊərə
jury,ˈʤʊəri
just,ʤəst
justice,ˈʤʌstɪs
justify,ˈʤʌstɪfaɪ
keep,kiːp
key,kiː
kick,ˈkɪk
kid,ˈkɪd
kill,kɪl
killer,ˈkɪlə
killing,ˈkɪlɪŋ
kind,kaɪnd
king,kɪŋ
kingdom,ˈkɪŋdəm
kiss,kɪs
kit,kɪt
kitchen,ˈkɪʧɪn
knee,niː
kneel,niːl
knife,naɪf
knock,nɒk
know,nəʊ
knowledge,ˈnɒlɪʤ
known,nəʊn
korean,kəˈriən
lab,lab
label,ˈleɪbɫ̩
label,ˈleɪbəl
laboratory,ləˈbɒrətr̩i
labour,ˈleɪbə
lack,lak
ladder,ˈladə
lady,ˈleɪdi
lake,leɪk
lamp,lamp
land,land
landing,ˈlandɪŋ
landmark,ˈlandmɑːk
landscape,ˈlandskeɪp
lane,leɪn
language,ˈlaŋgwɪʤ
lap,lap
large,lɑːʤ
largely,ˈlɑːʤli
laser,ˈleɪzə
last,lɑːst
late,leɪt
lately,ˈleɪtli
later,ˈleɪtə
latin,ˈlatɪn
latter,ˈlatə
laugh,lɑːf
laughter,ˈlɑːftə
launch,lɔːnʧ
laundry,ˈlɔːndri
law,lɔː
lawmaker,ˈlɔːmeɪkə
lawn,lɔːn
lawsuit,ˈlɔːsuːt
lawyer,ˈlɔːjə
lay,leɪ
layer,ˈleɪə
lead,liːd
leader,ˈliːdə
leadership,ˈliːdəʃɪp
leading,ˈliːdɪŋ
leaf,liːf
league,liːg
lean,liːn
leap,liːp
learn,lɜːn
learning,ˈlɜːnɪŋ
least,liːst
leather,ˈleðə
leave,liːv
lecture,ˈlekʧə
left,left
leg,leg
legacy,ˈlegəsi
legal,ˈliːgəl
legally,ˈliːgəli
legend,ˈleʤənd
legislation,ˌleʤɪsˈleɪʃn̩
legislative,ˈleʤɪslətɪv
legislator,ˈleʤɪsleɪtə
legislature,ˈleʤɪsleɪʧə
legitimate,lɪˈʤɪtɪmət
lemon,ˈlemən
lend,lend
length,leŋθ
lens,lenz
less,les
lesson,ˈlesn̩
let,let
letter,ˈletə
level,ˈlevəl
liability,ˌlaɪəˈbɪlɪti
liberal,ˈlɪbərəl
liberty,ˈlɪbəti
library,ˈlaɪbrəri
license,ˈlaɪsəns
lid,lɪd
lie,laɪ
life,laɪf
lifestyle,ˈlaɪfstaɪl
lifetime,ˈlaɪftaɪm
lift,lɪft
light,laɪt
light,laɪt
lighting,ˈlaɪtɪŋ
lightly,ˈlaɪtli
lightning,ˈlaɪtn̩ɪŋ
like,ˈlaɪk
likelihood,ˈlaɪklɪhʊd
likely,ˈlaɪkli
likewise,ˈlaɪkwaɪz
limb,lɪm
limit,ˈlɪmɪt
limitation,ˌlɪmɪˈteɪʃn̩
limited,ˈlɪmɪtɪd
line,laɪn
link,lɪŋk
lion,ˈlaɪən
lip,lɪp
liquid,ˈlɪkwɪd
list,lɪst
listen,ˈlɪsn̩
listener,ˈlɪsnə
literally,ˈlɪtərəli
literary,ˈlɪtərəri
literature,ˈlɪtrəʧə
little,ˈlɪtɫ̩
live,laɪv
liver,ˈlɪvə
living,ˈlɪvɪŋ
load,ləʊd
loan,ləʊn
lobby,ˈlɒbi
local,ˈləʊkəl
locate,ləʊˈkeɪt
location,ləʊˈkeɪʃn̩
lock,lɒk
log,lɒg
logic,ˈlɒʤɪk
logical,ˈlɒʤɪkəl
lonely,ˈləʊnli
long,ˈlɒŋ
long-term,ˈlɒŋtɜːm
look,lʊk
loop,luːp
loose,luːs
lose,luːz
loss,lɒs
lost,lɒst
lot,lɒt
lots,lɒts
loud,laʊd
love,ˈlʌv
lovely,ˈlʌvli
lover,ˈlʌvə
low,ləʊ
lower,ˈləʊə
loyal,ˈlɔjəl
loyalty,ˈlɔjəlti
luck,lʌk
lucky,ˈlʌki
lunch,ˈlʌnʧ
lung,lʌŋ
machine,məˈʃiːn
mad,mad
magazine,ˌmagəˈziːn
magic,ˈmaʤɪk
magnetic,magˈnetɪk
magnitude,ˈmagnɪtjuːd
mail,meɪl
main,meɪn
mainly,ˈmeɪnli
mainstream,ˈmeɪnstriːm
maintain,meɪnˈteɪn
maintenance,ˈmeɪntənəns
major,ˈmeɪʤə
majority,məˈʤɒrɪti
make,ˈmeɪk
maker,ˈmeɪkə
makeup,ˈmeɪkʌp
male,meɪl
mall,mɔːl
man,man
manage,ˈmanɪʤ
management,ˈmanɪʤmənt
manager,ˈmanɪʤə
managing,ˈmanɪʤɪŋ
mandate,ˈmandeɪt
manipulate,məˈnɪpjʊleɪt
manner,ˈmanə
mansion,ˈmanʃn̩
manual,ˈmanjʊəl
manufacturer,ˌmanjʊˈfakʧərə
manufacturing,ˌmanjʊˈfakʧərɪŋ
many,ˈmeni
map,map
marble,ˈmɑːbɫ̩
march,mɑːʧ
margin,ˈmɑːʤɪn
marine,məˈriːn
mark,mɑːk
marker,ˈmɑːkə
market,ˈmɑːkɪt
marketing,ˈmɑːkɪtɪŋ
marketplace,ˈmɑːkɪtpleɪs
marriage,ˈmarɪʤ
married,ˈmarɪd
marry,ˈmari
mask,mɑːsk
mass,mas
massive,ˈmasɪv
master,ˈmɑːstə
match,maʧ
mate,meɪt
material,məˈtɪːriəl
math,ˌmaθ
mathematics,ˌmaθəˈmatɪks
matter,ˈmatə
maximum,ˈmaksɪməm
may,meɪ
maybe,ˈmeɪbiː
mayor,meə
me,miː
meal,miːl
mean,miːn
meaning,ˈmiːnɪŋ
meaningful,ˈmiːnɪŋfəl
meantime,ˈmiːntaɪm
meanwhile,ˈmiːnwaɪl
measure,ˈmeʒə
measurement,ˈmeʒəmənt
meat,miːt
mechanic,mɪˈkanɪk
mechanical,mɪˈkanɪkəl
mechanism,ˈmekənɪzəm
medal,ˈmedɫ̩
media,ˈmiːdiə
medical,ˈmedɪkəl
medication,ˌmedɪˈkeɪʃn̩
medicine,ˈmedsn̩
medium,ˈmiːdiəm
meet,miːt
meeting,ˈmiːtɪŋ
melt,melt
member,ˈmembə
membership,ˈmembəʃɪp
memory,ˈmeməri
mental,ˈmentəl
mentally,ˈmentəli
mention,ˈmenʃn̩
mentor,ˈmentɔː
menu,ˈmenjuː
merchant,ˈmɜːʧənt
mere,miə
merely,ˈmiəli
merit,ˈmerɪt
mess,mes
message,ˈmesɪʤ
metal,ˈmetəl
metaphor,ˈmetəfə
meter,ˈmiːtə
method,ˈmeθəd
metropolitan,ˌmetrəˈpɒlɪtən
mexican,ˈmeksɪkən
middle,ˈmɪdɫ̩
midnight,ˈmɪdnaɪt
midst,mɪdst
might,maɪt
migration,maɪˈgreɪʃn̩
mild,maɪld
military,ˈmɪlɪtri
milk,mɪlk
mill,mɪl
million,ˈmɪliən
mind,maɪnd
mine,maɪn
mine,maɪn
mineral,ˈmɪnərəl
minimal,ˈmɪnɪməl
minimise,ˈmɪnɪˌmaɪz
minimum,ˈmɪnɪməm
minister,ˈmɪnɪstə
ministry,ˈmɪnɪstri
minor,ˈmaɪnə
minority,maɪˈnɒrɪti
minute,maɪˈnjuːt
miracle,ˈmɪrəkɫ̩
mirror,ˈmɪrə
miss,mɪs
missile,ˈmɪsaɪl
missing,ˈmɪsɪŋ
mission,ˈmɪʃn̩
missionary,ˈmɪʃənri
mistake,mɪˈsteɪk
mix,mɪks
mixed,mɪkst
mixture,ˈmɪksʧə
mobile,ˈməʊbaɪl
mode,məʊd
model,ˈmɒdəl
moderate,ˈmɒdəreɪt
modern,ˈmɒdn̩
modest,ˈmɒdɪst
modify,ˈmɒdɪfaɪ
molecule,ˈmɒlɪkjuːl
mom,mɒm
moment,ˈməʊmənt
momentum,məˈmentəm
money,ˈmʌni
monitor,ˈmɒnɪtə
monkey,ˈmʌŋki
monster,ˈmɒnstə
month,mʌnθ
monthly,ˈmʌnθli
monument,ˈmɒnjʊmənt
mood,muːd
moon,muːn
moral,ˈmɒrəl
more,mɔː
moreover,mɔːˈrəʊvə
morning,ˈmɔːnɪŋ
mortality,mɔːˈtalɪti
mortgage,ˈmɔːgɪʤ
most,məʊst
mostly,ˈməʊstli
mother,ˈmʌðə
motion,ˈməʊʃn̩
motivate,ˈməʊtɪveɪt
motivation,ˌməʊtɪˈveɪʃn̩
motive,ˈməʊtɪv
motor,ˈməʊtə
mount,maʊnt
mountain,ˈmaʊntɪn
mouse,maʊs
mouth,maʊθ
move,muːv
movement,ˈmuːvmənt
movie,ˈmuːvi
much,ˈmʌʧ
mud,mʌd
multiple,ˈmʌltɪpɫ̩
municipal,mjuːˈnɪsɪpəl
murder,ˈmɜːdə
muscle,ˈmʌsɫ̩
museum,mjuːˈziəm
mushroom,ˈmʌʃrʊm
music,ˈmjuːzɪk
musical,ˈmjuːzɪkəl
musician,mjuːˈzɪʃn̩
muslim,ˈmʊzlɪm
must,mʌst
mutter,ˈmʌtə
mutual,ˈmjuːʧʊəl
my,maɪ
myself,maɪˈself
mysterious,mɪˈstɪːriəs
mystery,ˈmɪstəri
myth,mɪθ
nail,neɪl
naked,ˈneɪkɪd
name,ˈneɪm
narrative,ˈnarətɪv
narrow,ˈnarəʊ
nasty,ˈnɑːsti
nation,ˈneɪʃn̩
national,ˈnaʃnəl
nationwide,ˈneɪʃn̩waɪd
native,ˈneɪtɪv
natural,ˈnaʧrəl
naturally,ˈnaʧrəli
nature,ˈneɪʧə
naval,ˈneɪvəl
near,niə
nearby,ˈniəbaɪ
nearly,ˈniəli
neat,niːt
necessary,ˈnesəsəri
necessity,nɪˈsesɪti
neck,nek
need,niːd
needle,ˈniːdɫ̩
negative,ˈnegətɪv
negotiate,nɪˈgəʊʃɪeɪt
negotiation,nɪˌgəʊʃɪˈeɪʃn̩
neighbour,ˈneɪbə
neighbourhood,ˈneɪbəhʊd
neighbouring,ˈneɪbərɪŋ
neither,ˈnaɪðə
nerve,nɜːv
nervous,ˈnɜːvəs
nest,nest
net,net
network,ˈnetwɜːk
neutral,ˈnjuːtrəl
never,ˈnevə
nevertheless,ˌnevəðəˈles
new,njuː
newly,ˈnjuːli
news,njuːz
newspaper,ˈnjuːspeɪpə
next,nekst
nice,naɪs
night,naɪt
nightmare,ˈnaɪtmeə
nine,naɪn
no,nəʊ
nobody,ˈnəʊbədi
nod,nɒd
noise,nɔɪz
nomination,ˌnɒmɪˈneɪʃn̩
nominee,ˌnɒmɪˈniː
none,nʌn
nonetheless,ˌnʌnðəˈles
nonprofit,nanˈprɑːfət
noon,nuːn
nor,nɔː
norm,nɔːm
normal,ˈnɔːməl
normally,ˈnɔːməli
north,nɔːθ
northeast,nɔːθˈiːst
northern,ˈnɔːðən
northwest,nɔːθˈwest
nose,nəʊz
not,nɒt
note,nəʊt
notebook,ˈnəʊtbʊk
nothing,ˈnʌθɪŋ
notice,ˈnəʊtɪs
notion,ˈnəʊʃn̩
novel,ˈnɒvəl
now,naʊ
nowhere,ˈnəʊweə
nuclear,ˈnjuːkliə
number,ˈnʌmbə
numerous,ˈnjuːmərəs
nurse,nɜːs
nut,nʌt
nutrient,ˈnjuːtriənt
oak,əʊk
object,əbˈʤekt
objection,əbˈʤekʃn̩
objective,əbˈʤektɪv
obligation,ˌɒblɪˈgeɪʃn̩
observation,ˌɒbzəˈveɪʃn̩
observe,əbˈzɜːv
observer,əbˈzɜːvə
obstacle,ˈɒbstəkɫ̩
obtain,əbˈteɪn
obvious,ˈɒbviəs
obviously,ˈɒbviəsli
occasion,əˈkeɪʒn̩
occasional,əˈkeɪʒənəl
occasionally,əˈkeɪʒənəli
occupation,ˌɒkjʊˈpeɪʃn̩
occupy,ˈɒkjʊpaɪ
occur,əˈkɜː
ocean,ˈəʊʃn̩
odd,ɒd
odds,ɒdz
of,ɒv
off,ɒf
offender,əˈfendə
offense,əˈfens
offensive,əˈfensɪv
offer,ˈɒfə
offering,ˈɒfərɪŋ
office,ˈɒfɪs
officer,ˈɒfɪsə
official,əˈfɪʃəl
officially,əˈfɪʃəli
often,ˈɒfn̩
oil,ɔɪl
okay,ˌəʊˈkeɪ
old,əʊld
old-fashioned,əʊlˈfaʃn̩d
olympic,əˈlɪmpɪk
olympics,əˈlɪmpɪks
on,ɒn
once,wʌns
one,wʌn
ongoing,ˌɒnˈgəʊiŋ
onion,ˈʌnjən
online,ˈɒnˌlaɪn
only,ˈəʊnli
onto,ˈɒntu
open,ˈəʊpən
opening,ˈəʊpənɪŋ
openly,ˈəʊpənli
opera,ˈɒprə
operate,ˈɒpəreɪt
operating,ˈɒpəreɪtɪŋ
operation,ˌɒpəˈreɪʃn̩
operator,ˈɒpəreɪtə
opinion,əˈpɪniən
opponent,əˈpəʊnənt
opportunity,ˌɒpəˈtjuːnɪti
oppose,əˈpəʊz
opposed,əˈpəʊzd
opposite,ˈɒpəzɪt
opposition,ˌɒpəˈzɪʃn̩
opt,ɒpt
optimistic,ˌɒptɪˈmɪstɪk
option,ˈɒpʃn̩
or,ɔː
oral,ˈɔːrəl
orange,ˈɒrɪnʤ
orbit,ˈɔːbɪt
order,ˈɔːdə
ordinary,ˈɔːdɪnri
organ,ˈɔːgən
organic,ɔːˈganɪk
organism,ˈɔːgənɪzəm
organisation,ˌɔːgənəˈzeɪʃən
organisational,ˌɔːgənəˈzeɪʃənəl
organise,ˈɔːgənaɪz
organised,ˈɔːgənaɪzd
orientation,ˌɔːrɪenˈteɪʃn̩
origin,ˈɒrɪʤɪn
original,əˈrɪʤn̩əl
originally,əˈrɪʤn̩əli
other,ˈʌðə
otherwise,ˈʌðəwaɪz
ought,ˈɔːt
our,ˈaʊə
ours,ˈaʊəz
ourselves,aʊəˈselvz
out,ˈaʊt
outcome,ˈaʊtkʌm
outdoor,ˈaʊtdɔː
outer,ˈaʊtə
outfit,ˈaʊtfɪt
outlet,ˈaʊtlet
outline,ˈaʊtlaɪn
output,ˈaʊtpʊt
outside,ˌaʊtˈsaɪd
outsider,ˌaʊtˈsaɪdə
outstanding,ˌaʊtˈstandɪŋ
oven,ˈʌvn̩
over,ˈəʊvə
overall,ˌəʊvəˈrɔːl
overcome,ˌəʊvəˈkʌm
overlook,ˌəʊvəˈlʊk
overnight,ˌəʊvəˈnaɪt
oversee,ˌəʊvəˈsiː
overwhelm,ˌəʊvəˈwelm
overwhelming,ˌəʊvəˈwelmɪŋ
owe,əʊ
own,əʊn
owner,ˈəʊnə
ownership,ˈəʊnəʃɪp
oxygen,ˈɒksɪʤən
pace,peɪs
pack,pak
pack,pak
package,ˈpakɪʤ
pad,pad
page,peɪʤ
pain,peɪn
painful,ˈpeɪnfəl
paint,peɪnt
painter,ˈpeɪntə
painting,ˈpeɪntɪŋ
pair,peə
palace,ˈpalɪs
pale,peɪl
palestinian,ˌpaləˈstɪniən
palm,pɑːm
pan,pan
panel,ˈpanəl
panic,ˈpanɪk
pant,pant
paper,ˈpeɪpə
parade,pəˈreɪd
parent,ˈpeərənt
parental,pəˈrentəl
parish,ˈparɪʃ
park,pɑːk
parking,ˈpɑːkɪŋ
part,pɑːt
partial,ˈpɑːʃəl
partially,ˈpɑːʃəli
participant,pɑːˈtɪsɪpənt
participate,pɑːˈtɪsɪpeɪt
participation,pɑːˌtɪsɪˈpeɪʃn̩
particle,ˈpɑːtɪkɫ̩
particular,pəˈtɪkjʊlə
particularly,pəˈtɪkjʊləli
partly,ˈpɑːtli
partner,ˈpɑːtnə
partnership,ˈpɑːtnəʃɪp
party,ˈpɑːti
pass,pɑːs
passage,ˈpasɪʤ
passenger,ˈpasɪnʤə
passing,ˈpɑːsɪŋ
passion,ˈpaʃn̩
past,pɑːst
pasta,ˈpastə
pastor,ˈpɑːstə
pat,pat
patch,paʧ
patent,ˈpeɪtənt
path,pɑːθ
patience,ˈpeɪʃəns
patient,ˈpeɪʃənt
patrol,pəˈtrəʊl
patron,ˈpeɪtrən
pattern,ˈpatn̩
pause,pɔːz
pay,peɪ
payment,ˈpeɪmənt
peace,piːs
peaceful,ˈpiːsfəl
peak,piːk
peanut,ˈpiːnʌt
peasant,ˈpesənt
peel,piːl
peer,piə
pen,pen
penalty,ˈpenɫ̩ti
pencil,ˈpensɫ̩
pension,ˈpenʃn̩
people,ˈpiːpɫ̩
pepper,ˈpepə
per,pɜː
perceive,pəˈsiːv
perceived,pəˈsiːvd
percentage,pəˈsentɪʤ
perception,pəˈsepʃn̩
perfect,pəˈfekt
perfectly,ˈpɜːfɪktli
perform,pəˈfɔːm
performance,pəˈfɔːməns
performer,pəˈfɔːmə
perhaps,pəˈhaps
period,ˈpɪːriəd
permanent,ˈpɜːmənənt
permission,pəˈmɪʃn̩
permit,pəˈmɪt
persian,ˈpɜːʃn̩
persist,pəˈsɪst
person,ˈpɜːsn̩
personal,ˈpɜːsənəl
personality,ˌpɜːsəˈnalɪti
personally,ˈpɜːsənəli
personnel,ˌpɜːsəˈnel
perspective,pəˈspektɪv
persuade,pəˈsweɪd
pet,pet
phase,feɪz
phenomenon,fɪˈnɒmɪnən
philosophical,ˌfɪləˈsɒfɪkəl
philosophy,fɪˈlɒsəfi
phone,fəʊn
photo,ˈfəʊtəʊ
photograph,ˈfəʊtəgrɑːf
photographer,fəˈtɒgrəfə
photography,fəˈtɒgrəfi
phrase,freɪz
physical,ˈfɪzɪkəl
physically,ˈfɪzɪkli
physician,fɪˈzɪʃn̩
physics,ˈfɪzɪks
piano,pɪˈanəʊ
pick,pɪk
pickup,ˈpɪkʌp
picture,ˈpɪkʧə
pie,paɪ
piece,piːs
pig,pɪg
pile,paɪl
pill,pɪl
pillow,ˈpɪləʊ
pilot,ˈpaɪlət
pin,pɪn
pine,paɪn
pink,pɪŋk
pioneer,ˌpaɪəˈniə
pipe,paɪp
pistol,ˈpɪstəl
pit,pɪt
pitch,pɪʧ
pitcher,ˈpɪʧə
pizza,ˈpiːtsə
place,ˈpleɪs
placement,ˈpleɪsmənt
plain,pleɪn
plaintiff,ˈpleɪntɪf
plan,plan
plane,pleɪn
planet,ˈplanɪt
planner,ˈplanə
planning,ˈplanɪŋ
plant,plɑːnt
plastic,ˈplastɪk
plate,pleɪt
platform,ˈplatfɔːm
play,ˈpleɪ
player,ˈpleɪə
playoff,ˈpleɪɒf
plea,pliː
plead,pliːd
pleasant,ˈplezənt
please,pliːz
please,pliːz
pleased,pliːzd
pleasure,ˈpleʒə
plenty,ˈplenti
plot,plɒt
plunge,plʌnʤ
plus,plʌs
pocket,ˈpɒkɪt
poem,ˈpəʊɪm
poet,ˈpəʊɪt
poetry,ˈpəʊɪtri
point,pɔɪnt
poke,pəʊk
pole,pəʊl
police,pəˈliːs
policeman,pəˈliːsmən
policy,ˈpɒləsi
political,pəˈlɪtɪkəl
politically,pəˈlɪtɪkli
politician,ˌpɒlɪˈtɪʃn̩
politics,ˈpɒlɪtɪks
poll,pəʊl
pollution,pəˈluːʃn̩
pond,pɒnd
pool,puːl
poor,pʊə
pop,pɒp
popular,ˈpɒpjʊlə
popularity,ˌpɒpjʊˈlarɪti
population,ˌpɒpjʊˈleɪʃn̩
porch,pɔːʧ
pork,pɔːk
port,pɔːt
portfolio,pɔːtˈfəʊliəʊ
portion,ˈpɔːʃn̩
portrait,ˈpɔːtrɪt
portray,pɔːˈtreɪ
pose,pəʊz
position,pəˈzɪʃn̩
positive,ˈpɒzətɪv
possess,pəˈzes
possession,pəˈzeʃn̩
possibility,ˌpɒsəˈbɪlɪti
possible,ˈpɒsəbɫ̩
possibly,ˈpɒsəbli
post,pəʊst
poster,ˈpəʊstə
pot,pɒt
potato,pəˈteɪtəʊ
potential,pəˈtenʃəl
potentially,pəˈtenʃəli
pound,paʊnd
pour,pɔː
poverty,ˈpɒvəti
powder,ˈpaʊdə
power,ˈpaʊə
powerful,ˈpaʊəfəl
practical,ˈpraktɪkəl
practically,ˈpraktɪkli
practice,ˈpraktɪs
practitioner,prakˈtɪʃənə
praise,preɪz
pray,preɪ
prayer,preə
preach,priːʧ
precious,ˈpreʃəs
precise,prɪˈsaɪs
precisely,prɪˈsaɪsli
predator,ˈpredətə
predict,prɪˈdɪkt
prediction,prɪˈdɪkʃn̩
prefer,prɪˈfɜː
preference,ˈprefrəns
pregnancy,ˈpregnənsi
pregnant,ˈpregnənt
preliminary,prɪˈlɪmɪnəri
premise,ˈpremɪs
premium,ˈpriːmiəm
preparation,ˌprepəˈreɪʃn̩
prepare,prɪˈpeə
prescription,prɪˈskrɪpʃn̩
presence,ˈprezəns
present,prɪˈzent
presentation,ˌprezənˈteɪʃn̩
preserve,prɪˈzɜːv
presidency,ˈprezɪdənsi
president,ˈprezɪdənt
presidential,ˌprezɪˈdenʃəl
press,pres
pressure,ˈpreʃə
presumably,prɪˈzjuːməbli
pretend,prɪˈtend
pretty,ˈprɪti
prevail,prɪˈveɪl
prevent,prɪˈvent
prevention,prɪˈvenʃn̩
previous,ˈpriːviəs
previously,ˈpriːviəsli
price,praɪs
pride,praɪd
priest,priːst
primarily,ˈpraɪmərəli
primary,ˈpraɪməri
prime,praɪm
principal,ˈprɪnsəpəl
principle,ˈprɪnsəpɫ̩
print,prɪnt
prior,ˈpraɪə
priority,praɪˈɒrɪti
prison,ˈprɪzn̩
prisoner,ˈprɪznə
privacy,ˈprɪvəsi
private,ˈpraɪvɪt
privately,ˈpraɪvətli
privilege,ˈprɪvəlɪʤ
prize,praɪz
pro,prəʊ
probably,ˈprɒbəbli
problem,ˈprɒbləm
procedure,prəˈsiːʤə
proceed,prəˈsiːd
process,ˈprəʊses
processing,ˈprəʊsesɪŋ
processor,ˈprəʊsesə
proclaim,prəˈkleɪm
produce,prəˈdjuːs
producer,prəˈdjuːsə
product,ˈprɒdʌkt
production,prəˈdʌkʃn̩
productive,prəˈdʌktɪv
productivity,ˌprɒdʌkˈtɪvɪti
profession,prəˈfeʃn̩
professional,prəˈfeʃnəl
professor,prəˈfesə
profile,ˈprəʊfaɪl
profit,ˈprɒfɪt
profound,prəˈfaʊnd
programme,ˈprəʊgram
programming,ˈprəʊgramɪŋ
progress,prəˈgres
progressive,prəˈgresɪv
prohibit,prəˈhɪbɪt
project,prəˈʤekt
projection,prəˈʤekʃn̩
prominent,ˈprɒmɪnənt
promise,ˈprɒmɪs
promising,ˈprɒmɪsɪŋ
promote,prəˈməʊt
promotion,prəˈməʊʃn̩
prompt,prɒmpt
proof,pruːf
proper,ˈprɒpə
properly,ˈprɒpəli
property,ˈprɒpəti
proportion,prəˈpɔːʃn̩
proposal,prəˈpəʊzəl
propose,prəˈpəʊz
proposed,prəˈpəʊzd
prosecution,ˌprɒsɪˈkjuːʃn̩
prosecutor,ˈprɒsɪkjuːtə
prospect,prəˈspekt
protect,prəˈtekt
protection,prəˈtekʃn̩
protective,prəˈtektɪv
protein,ˈprəʊtiːn
protest,prəˈtest
protocol,ˈprəʊtəkɒl
proud,praʊd
prove,pruːv
provide,prəˈvaɪd
provided,prəˈvaɪdɪd
provider,prəˈvaɪdə
province,ˈprɒvɪns
provision,prəˈvɪʒn̩
provoke,prəˈvəʊk
psychological,ˌsaɪkəˈlɒʤɪkəl
psychologist,saɪˈkɒləʤɪst
psychology,saɪˈkɒləʤi
public,ˈpʌblɪk
publication,ˌpʌblɪˈkeɪʃn̩
publicity,pʌbˈlɪsɪti
publicly,ˈpʌblɪkli
publish,ˈpʌblɪʃ
publisher,ˈpʌblɪʃə
pull,pʊl
pulse,pʌls
pump,pʌmp
punch,pʌnʧ
punish,ˈpʌnɪʃ
punishment,ˈpʌnɪʃmənt
purchase,ˈpɜːʧəs
pure,pjʊə
purple,ˈpɜːpɫ̩
purpose,ˈpɜːpəs
purse,pɜːs
pursue,pəˈsjuː
pursuit,pəˈsjuːt
push,pʊʃ
put,ˈpʊt
puzzle,ˈpʌzɫ̩
qualify,ˈkwɒlɪfaɪ
quality,ˈkwɒlɪti
quantity,ˈkwɒntɪti
quarter,ˈkwɔːtə
quarterback,ˈkwɔːtəbak
queen,kwiːn
quest,kwest
question,ˈkwesʧən
questionnaire,ˌkwesʧəˈneə
quick,kwɪk
quickly,ˈkwɪkli
quiet,ˈkwaɪət
quietly,ˈkwaɪətli
quit,kwɪt
quite,kwaɪt
quote,kwəʊt
rabbit,ˈrabɪt
race,reɪs
racial,ˈreɪʃəl
racism,ˈreɪsɪzəm
rack,rak
radar,ˈreɪdɑː
radiation,ˌreɪdɪˈeɪʃn̩
radical,ˈradɪkəl
radio,ˈreɪdiəʊ
rage,reɪʤ
rail,reɪl
railroad,ˈreɪlrəʊd
rain,reɪn
raise,reɪz
rally,ˈrali
ranch,rɑːnʧ
random,ˈrandəm
range,reɪnʤ
rank,raŋk
rape,reɪp
rapid,ˈrapɪd
rapidly,ˈrapɪdli
rare,reə
rarely,ˈreəli
rat,rat
rate,reɪt
rather,ˈrɑːðə
rating,ˈreɪtɪŋ
ratio,ˈreɪʃiəʊ
rational,ˈraʃn̩əl
raw,rɔː
reach,riːʧ
react,rɪˈakt
reaction,rɪˈakʃn̩
read,riːd
reader,ˈriːdə
readily,ˈredɪli
reading,ˈriːdɪŋ
ready,ˈredi
real,riəl
realistic,ˌriəˈlɪstɪk
reality,riˈalɪti
realise,ˈriəlaɪz
really,ˈriəli
realm,relm
rear,riə
reason,ˈriːzən
reasonable,ˈriːznəbɫ̩
rebel,rɪˈbel
rebuild,ˌriːˈbɪld
recall,rɪˈkɔːl
receive,rɪˈsiːv
receiver,rɪˈsiːvə
recent,ˈriːsənt
recently,ˈriːsn̩tli
reception,rɪˈsepʃn̩
recession,rɪˈseʃn̩
recipe,ˈresəpi
recipient,rɪˈsɪpiənt
recognition,ˌrekəgˈnɪʃn̩
recognize,ˈrekəgnaɪz
recommend,ˌrekəˈmend
recommendation,ˌrekəmenˈdeɪʃn̩
record,rɪˈkɔːd
recording,rɪˈkɔːdɪŋ
recover,rɪˈkʌvə
recovery,rɪˈkʌvəri
recruit,rɪˈkruːt
red,red
reduce,rɪˈdjuːs
reduction,rɪˈdʌkʃn̩
refer,rɪˈfɜː
reference,ˈrefrəns
reflect,rɪˈflekt
reflection,rɪˈflekʃn̩
reform,rɪˈfɔːm
refrigerator,rɪˈfrɪʤəreɪtə
refuge,ˈrefjuːʤ
refugee,ˌrefjʊˈʤiː
refuse,rɪˈfjuːz
regain,rɪˈgeɪn
regard,rɪˈgɑːd
regarding,rɪˈgɑːdɪŋ
regardless,rɪˈgɑːdləs
regime,reɪˈʒiːm
region,ˈriːʤən
regional,ˈriːʤənəl
register,ˈreʤɪstə
regret,rɪˈgret
regular,ˈregjʊlə
regularly,ˈregjʊləli
regulate,ˈregjʊleɪt
regulation,ˌregjʊˈleɪʃn̩
regulator,ˈregjʊleɪtə
regulatory,ˈregjələtəri
rehabilitation,ˌriːəˌbɪlɪˈteɪʃn̩
reinforce,ˌriːɪnˈfɔːs
reject,rɪˈʤekt
relate,rɪˈleɪt
related,rɪˈleɪtɪd
relation,rɪˈleɪʃn̩
relationship,rɪˈleɪʃn̩ʃɪp
relative,ˈrelətɪv
relatively,ˈrelətɪvli
relax,rɪˈlaks
release,rɪˈliːs
relevant,ˈreləvənt
reliability,rɪˌlaɪəˈbɪlɪti
reliable,rɪˈlaɪəbɫ̩
relief,rɪˈliːf
relieve,rɪˈliːv
religion,rɪˈlɪʤən
religious,rɪˈlɪʤəs
reluctant,rɪˈlʌktənt
rely,rɪˈlaɪ
remain,rɪˈmeɪn
remaining,rɪˈmeɪnɪŋ
remark,rɪˈmɑːk
remarkable,rɪˈmɑːkəbɫ̩
remember,rɪˈmembə
remind,rɪˈmaɪnd
reminder,rɪˈmaɪndə
remote,rɪˈməʊt
removal,rɪˈmuːvəl
remove,rɪˈmuːv
render,ˈrendə
rent,rent
rental,ˈrentəl
repair,rɪˈpeə
repeat,rɪˈpiːt
repeatedly,rɪˈpiːtɪdli
replace,rɪˈpleɪs
replacement,rɪˈpleɪsmənt
reply,rɪˈplaɪ
report,rɪˈpɔːt
report,rɪˈpɔːt
reportedly,rɪˈpɔːtɪdli
reporter,rɪˈpɔːtə
reporting,rɪˈpɔːtɪŋ
represent,ˌriːprɪˈzent
representation,ˌreprɪzenˈteɪʃn̩
representative,ˌreprɪˈzentətɪv
republic,rɪˈpʌblɪk
republican,rɪˈpʌblɪkən
reputation,ˌrepjʊˈteɪʃn̩
request,rɪˈkwest
require,rɪˈkwaɪə
required,rɪˈkwaɪəd
requirement,rɪˈkwaɪəmənt
rescue,ˈreskjuː
research,rɪˈsɜːʧ
researcher,rɪˈsɜːʧə
resemble,rɪˈzembɫ̩
reservation,ˌrezəˈveɪʃn̩
reserve,rɪˈzɜːv
residence,ˈrezɪdəns
resident,ˈrezɪdənt
residential,ˌrezɪˈdenʃəl
resign,rɪˈzaɪn
resist,rɪˈzɪst
resistance,rɪˈzɪstəns
resolution,ˌrezəˈluːʃn̩
resolve,rɪˈzɒlv
resort,rɪˈzɔːt
resource,rɪˈzɔːs
respect,rɪˈspekt
respectively,rɪˈspektɪvli
respond,rɪˈspɒnd
respondent,rɪˈspɒndənt
response,rɪˈspɒns
responsibility,rɪˌspɒnsəˈbɪlɪti
responsible,rɪˈspɒnsəbɫ̩
rest,rest
restaurant,ˈrestrɒnt
restore,rɪˈstɔː
restrict,rɪˈstrɪkt
restriction,rɪˈstrɪkʃn̩
result,rɪˈzʌlt
resume,rɪˈzjuːm
retail,ˈriːteɪl
retailer,ˈriːteɪlə
retain,rɪˈteɪn
retire,rɪˈtaɪə
retired,rɪˈtaɪəd
retirement,rɪˈtaɪəmənt
retreat,rɪˈtriːt
return,rɪˈtɜːn
reveal,rɪˈviːl
revelation,ˌrevəˈleɪʃn̩
revenue,ˈrevənjuː
reverse,rɪˈvɜːs
review,rɪˈvjuː
revolution,ˌrevəˈluːʃn̩
revolutionary,ˌrevəˈluːʃənri
reward,rɪˈwɔːd
rhetoric,ˈretərɪk
rhythm,ˈrɪðəm
rib,rɪb
ribbon,ˈrɪbən
rice,raɪs
rich,rɪʧ
rid,rɪd
ride,raɪd
rider,ˈraɪdə
ridge,rɪʤ
ridiculous,rɪˈdɪkjʊləs
rifle,ˈraɪfəl
right,raɪt
rim,rɪm
ring,rɪŋ
ring,rɪŋ
riot,ˈraɪət
rip,rɪp
rise,raɪz
risk,rɪsk
risk,rɪsk
risky,ˈrɪski
ritual,ˈrɪʧʊəl
rival,ˈraɪvəl
river,ˈrɪvə
road,rəʊd
robot,ˈrəʊbɒt
rock,rɒk
rocket,ˈrɒkɪt
rod,rɒd
role,rəʊl
roll,rəʊl
rolling,ˈrəʊlɪŋ
roman,ˈrəʊmən
romance,rəʊˈmans
romantic,rəˈmantɪk
roof,ruːf
room,ruːm
root,ruːt
rope,rəʊp
rose,rəʊz
rough,rʌf
roughly,ˈrʌfli
round,ˈraʊnd
route,ruːt
routine,ruːˈtiːn
routinely,ruːˈtiːnli
row,raʊ
royal,ˈrɔɪəl
rub,rʌb
rubber,ˈrʌbə
ruin,ˈruːɪn
rule,ruːl
ruling,ˈruːlɪŋ
rumour,ˈruːmə
run,rʌn
runner,ˈrʌnə
running,ˈrʌnɪŋ
rural,ˈrʊərəl
rush,rʌʃ
russian,ˈrʌʃən
sack,sak
sacred,ˈseɪkrɪd
sacrifice,ˈsakrɪfaɪs
sad,sad
safe,seɪf
safely,ˈseɪfli
safety,ˈseɪfti
sail,seɪl
sake,seɪk
salad,ˈsaləd
salary,ˈsaləri
sale,seɪl
sales,seɪlz
salmon,ˈsamən
salt,sɔːlt
same,seɪm
sample,ˈsɑːmpɫ̩
sanction,ˈsaŋkʃn̩
sand,sand
sandwich,ˈsanwɪʤ
satellite,ˈsatəlaɪt
satisfaction,ˌsatɪsˈfakʃn̩
satisfy,ˈsatɪsfaɪ
sauce,sɔːs
save,seɪv
saving,ˈseɪvɪŋ
say,ˈseɪ
scale,skeɪl
scan,skan
scandal,ˈskandəl
scare,skeə
scared,skeəd
scary,ˈskeəri
scatter,ˈskatə
scenario,sɪˈnɑːriəʊ
scene,siːn
scent,sent
schedule,ˈʃedjuːl
scheme,skiːm
scholar,ˈskɒlə
scholarship,ˈskɒləʃɪp
school,skuːl
science,ˈsaɪəns
scientific,ˌsaɪənˈtɪfɪk
scientist,ˈsaɪəntɪst
scope,skəʊp
score,skɔː
scramble,ˈskrambɫ̩
scratch,skraʧ
scream,skriːm
screen,skriːn
screening,ˈskriːnɪŋ
screw,skruː
script,skrɪpt
sculpture,ˈskʌlpʧə
sea,siː
seal,siːl
search,sɜːʧ
season,ˈsiːzn̩
seat,siːt
second,ˈsekənd
secondary,ˈsekəndri
secret,ˈsiːkrɪt
secretary,ˈsekrətəri
section,ˈsekʃn̩
sector,ˈsektə
secular,ˈsekjʊlə
secure,sɪˈkjʊə
security,sɪˈkjʊərɪti
see,ˈsiː
seed,siːd
seek,siːk
seem,siːm
seemingly,ˈsiːmɪŋli
segment,segˈment
seize,siːz
seldom,ˈseldəm
select,sɪˈlekt
selected,sɪˈlektɪd
selection,sɪˈlekʃn̩
self,self
sell,sel
seller,ˈselə
seminar,ˈsemɪnɑː
senate,ˈsenɪt
senator,ˈsenətə
send,send
senior,ˈsiːniə
sensation,senˈseɪʃn̩
sense,sens
sensitive,ˈsensətɪv
sensitivity,ˌsensəˈtɪvɪti
sensor,ˈsensə
sentence,ˈsentəns
sentiment,ˈsentɪmənt
separate,ˈseprət
separation,ˌsepəˈreɪʃn̩
sequence,ˈsiːkwəns
series,ˈsɪːriːz
serious,ˈsɪːriəs
seriously,ˈsɪːriəsli
servant,ˈsɜːvənt
serve,sɜːv
service,ˈsɜːvɪs
serving,ˈsɜːvɪŋ
session,ˈseʃn̩
set,set
setting,ˈsetɪŋ
settle,ˈsetɫ̩
settlement,ˈsetɫ̩mənt
seven,ˈsevn̩
seventh,ˈsevn̩θ
several,ˈsevrəl
severe,sɪˈviə
severely,sɪˈviəli
sex,seks
sexual,ˈsekʃʊəl
sexuality,ˌsekʃʊˈalɪti
sexually,ˈsekʃʊəli
sexy,ˈseksi
shade,ʃeɪd
shadow,ˈʃadəʊ
shake,ʃeɪk
shall,ʃal
shallow,ˈʃaləʊ
shame,ʃeɪm
shape,ʃeɪp
share,ʃeə
shared,ʃeəd
shareholder,ˈʃeəhəʊldə
shark,ʃɑːk
sharp,ʃɑːp
sharply,ˈʃɑːpli
she,ʃi
shed,ʃed
sheep,ʃiːp
sheer,ʃiə
sheet,ʃiːt
shelf,ʃelf
shell,ʃel
shelter,ˈʃeltə
shift,ʃɪft
shine,ʃaɪn
ship,ʃɪp
shirt,ʃɜːt
shit,ʃɪt
shock,ʃɒk
shoe,ʃuː
shoot,ʃuːt
shooting,ˈʃuːtɪŋ
shop,ʃɒp
shopping,ˈʃɒpɪŋ
shore,ʃɔː
short,ʃɔːt
shortage,ˈʃɔːtɪʤ
shortly,ˈʃɔːtli
shorts,ʃɔːts
short-term,ˈʃɔːttɜːm
shot,ʃɒt
should,ʃʊd
shoulder,ˈʃəʊldə
shout,ʃaʊt
shove,ʃʌv
show,ʃəʊ
shower,ˈʃaʊə
shrimp,ʃrɪmp
shrink,ʃrɪŋk
shrug,ʃrʌg
shut,ʃʌt
shuttle,ˈʃʌtɫ̩
shy,ʃaɪ
sibling,ˈsɪblɪŋ
sick,sɪk
side,saɪd
sidewalk,ˈsaɪdwɔːk
sigh,saɪ
sight,saɪt
sign,saɪn
signal,ˈsɪgnəl
signature,ˈsɪgnəʧə
significance,sɪgˈnɪfɪkəns
significant,sɪgˈnɪfɪkənt
significantly,sɪgˈnɪfɪkəntli
silence,ˈsaɪləns
silent,ˈsaɪlənt
silk,sɪlk
silly,ˈsɪli
silver,ˈsɪlvə
similar,ˈsɪmələ
similarity,ˌsɪməˈlarɪti
similarly,ˈsɪmələli
simple,ˈsɪmpɫ̩
simply,ˈsɪmpli
simultaneously,ˌsɪməlˈteɪniəsli
sin,sɪn
since,sɪns
sing,sɪŋ
singer,ˈsɪŋə
single,ˈsɪŋgɫ̩
sink,sɪŋk
sir,sɜː
sister,ˈsɪstə
sit,sɪt
site,saɪt
situation,ˌsɪʧʊˈeɪʃn̩
six,sɪks
sixth,sɪksθ
size,saɪz
ski,skiː
skill,skɪl
skilled,skɪld
skin,skɪn
skip,skɪp
skirt,skɜːt
skull,skʌl
sky,skaɪ
slam,slam
slap,slap
slave,sleɪv
slavery,ˈsleɪvəri
sleep,sliːp
sleeve,sliːv
slice,slaɪs
slide,slaɪd
slide,slaɪd
slight,ˈslaɪt
slightly,ˈslaɪtli
slip,slɪp
slope,sləʊp
slot,slɒt
slow,sləʊ
slowly,ˈsləʊli
small,smɔːl
smart,smɑːt
smell,smel
smile,smaɪl
smoke,sməʊk
smooth,smuːð
snake,sneɪk
snap,snap
sneak,sniːk
snow,snəʊ
so,ˈsəʊ
soak,səʊk
soap,səʊp
soar,sɔː
so-called,səʊˈkɔːld
soccer,ˈsɒkə
social,ˈsəʊʃəl
socially,ˈsəʊʃəli
society,səˈsaɪəti
sock,ˈsɒk
sodium,ˈsəʊdiəm
sofa,ˈsəʊfə
soft,sɒft
soften,ˈsɒfn̩
softly,ˈsɒftli
software,ˈsɒftweə
soil,sɔɪl
solar,ˈsəʊlə
soldier,ˈsəʊlʤə
sole,səʊl
solely,ˈsəʊli
solid,ˈsɒlɪd
solution,səˈluːʃn̩
solve,sɒlv
some,sʌm
somebody,ˈsʌmbədi
somehow,ˈsʌmhaʊ
someone,ˈsʌmwʌn
something,ˈsʌmθɪŋ
sometime,ˈsʌmtaɪm
sometimes,ˈsʌmtaɪmz
somewhat,ˈsʌmwɒt
somewhere,ˈsʌmweə
son,sʌn
song,sɒŋ
soon,suːn
soon,suːn
sophisticated,səˈfɪstɪkeɪtɪd
sorry,ˈsɒri
sort,sɔːt
soul,səʊl
sound,ˈsaʊnd
soup,suːp
source,sɔːs
south,saʊθ
southeast,saʊθˈiːst
southern,ˈsʌðən
southwest,saʊθˈwest
sovereignty,ˈsɒvrənti
soviet,ˈsəʊviət
space,speɪs
spanish,ˈspanɪʃ
spare,speə
spark,spɑːk
speak,spiːk
speaker,ˈspiːkə
special,ˈspeʃəl
specialist,ˈspeʃəlɪst
specialise,ˈspeʃəˌlaɪz
specialty,ˈspeʃəlti
species,ˈspiːʃiːz
specific,spəˈsɪfɪk
specifically,spəˈsɪfɪkli
specify,ˈspesɪfaɪ
spectacular,spekˈtakjʊlə
spectrum,ˈspektrəm
speculate,ˈspekjʊleɪt
speculation,ˌspekjʊˈleɪʃn̩
speech,spiːʧ
speed,spiːd
speed,spiːd
spell,spel
spend,spend
spending,ˈspendɪŋ
sphere,sfiə
spill,spɪl
spin,spɪn
spine,spaɪn
spirit,ˈspɪrɪt
spiritual,ˈspɪrɪʧʊəl
spit,spɪt
spite,spaɪt
split,splɪt
spokesman,ˈspəʊksmən
sponsor,ˈspɒnsə
spoon,spuːn
sport,spɔːt
spot,spɒt
spouse,spaʊz
spray,spreɪ
spread,spred
spring,sprɪŋ
sprinkle,ˈsprɪŋkɫ̩
spy,ˈspaɪ
squad,skwɒd
square,skweə
square,skweə
squeeze,skwiːz
stability,stəˈbɪlɪti
stable,ˈsteɪbɫ̩
stack,stak
stadium,ˈsteɪdiəm
staff,stɑːf
stage,steɪʤ
stair,steə
stake,steɪk
stance,stans
stand,stand
standard,ˈstandəd
standing,ˈstandɪŋ
star,stɑː
stare,steə
start,stɑːt
starter,ˈstɑːtə
starting,ˈstɑːtɪŋ
state,steɪt
statement,ˈsteɪtmənt
station,ˈsteɪʃn̩
statistical,stəˈtɪstɪkəl
statistics,stəˈtɪstɪks
statue,ˈstaʧuː
status,ˈsteɪtəs
statute,ˈstaʧuːt
stay,steɪ
steadily,ˈstedɪli
steady,ˈstedi
steak,steɪk
steal,stiːl
steam,stiːm
steel,stiːl
steep,stiːp
steer,stiə
stem,stem
step,step
stereotype,ˈsteriətaɪp
stick,stɪk
stiff,stɪf
still,stɪl
stimulate,ˈstɪmjʊleɪt
stimulus,ˈstɪmjʊləs
stir,stɜː
stock,stɒk
stomach,ˈstʌmək
stone,stəʊn
stop,stɒp
storage,ˈstɔːrɪʤ
store,stɔː
store,stɔː
storm,stɔːm
story,ˈstɔːri
stove,stəʊv
straight,streɪt
straighten,ˈstreɪtn̩
strain,streɪn
strange,streɪnʤ
stranger,ˈstreɪnʤə
strategic,strəˈtiːʤɪk
strategy,ˈstratəʤi
straw,strɔː
streak,striːk
stream,striːm
street,striːt
strength,streŋθ
strengthen,ˈstreŋθn̩
stress,stres
stretch,streʧ
strict,strɪkt
strictly,ˈstrɪkli
strike,straɪk
striking,ˈstraɪkɪŋ
string,strɪŋ
strip,strɪp
stroke,strəʊk
strong,strɒŋ
strongly,ˈstrɒŋli
structural,ˈstrʌkʧərəl
structure,ˈstrʌkʧə
struggle,ˈstrʌgɫ̩
student,ˈstjuːdənt
studio,ˈstjuːdiəʊ
study,ˈstʌdi
stuff,stʌf
stumble,ˈstʌmbɫ̩
stupid,ˈstjuːpɪd
style,staɪl
subject,sʌbˈʤekt
submit,səbˈmɪt
subsequent,ˈsʌbsɪkwənt
subsidy,ˈsʌbsədi
substance,ˈsʌbstəns
substantial,səbˈstanʃəl
substantially,səbˈstanʃəli
subtle,ˈsʌtɫ̩
suburb,ˈsʌbɜːb
suburban,səˈbɜːbən
succeed,səkˈsiːd
success,səkˈses
successful,səkˈsesfəl
successfully,səkˈsesfəli
such,sʌʧ
suck,sʌk
sudden,ˈsʌdn̩
suddenly,sʌdn̩li
sue,sjuː
suffer,ˈsʌfə
suffering,ˈsʌfərɪŋ
sufficient,səˈfɪʃənt
sugar,ˈʃʊgə
suggest,səˈʤest
suggestion,səˈʤesʧən
suicide,ˈsjuːɪsaɪd
suit,suːt
suitable,ˈsuːtəbɫ̩
suite,swiːt
sum,sʌm
summary,ˈsʌməri
summer,ˈsʌmə
summit,ˈsʌmɪt
sun,sʌn
sunlight,ˈsʌnlaɪt
sunny,ˈsʌni
super,ˈsuːpə
superior,suːˈpɪːriə
supermarket,ˈsuːpəmɑːkɪt
supervisor,ˈsuːpəvaɪzə
supplier,səˈplaɪə
supply,səˈplaɪ
support,səˈpɔːt
supporter,səˈpɔːtə
supportive,səˈpɔːtɪv
suppose,səˈpəʊz
supposed,səˈpəʊzd
supposedly,səˈpəʊzədli
supreme,suːˈpriːm
sure,ʃʊə
surely,ˈʃʊəli
surface,ˈsɜːfɪs
surgeon,ˈsɜːʤən
surgery,ˈsɜːʤəri
surprise,səˈpraɪz
surprised,səˈpraɪzd
surprising,səˈpraɪzɪŋ
surprisingly,səˈpraɪzɪŋli
surround,səˈraʊnd
surrounding,səˈraʊndɪŋ
surveillance,sɜːˈveɪləns
survey,səˈveɪ
survival,səˈvaɪvəl
survive,səˈvaɪv
survivor,səˈvaɪvə
suspect,səˈspekt
suspend,səˈspend
suspicion,səˈspɪʃn̩
suspicious,səˈspɪʃəs
sustain,səˈsteɪn
sustainable,səˈsteɪnəbɫ̩
swallow,ˈswɒləʊ
swear,sweə
sweat,swet
sweater,ˈswetə
sweep,swiːp
sweet,swiːt
swell,swel
swim,swɪm
swimming,ˈswɪmɪŋ
swing,swɪŋ
switch,swɪʧ
sword,sɔːd
symbol,ˈsɪmbəl
symbolic,sɪmˈbɒlɪk
sympathy,ˈsɪmpəθi
symptom,ˈsɪmptəm
syndrome,ˈsɪndrəʊm
system,ˈsɪstəm
table,ˈteɪbɫ̩
tablespoon,ˈteɪbɫ̩spuːn
tackle,ˈtakɫ̩
tactic,ˈtaktɪk
tag,tag
tail,teɪl
take,teɪk
tale,teɪl
talent,ˈtalənt
talented,ˈtaləntɪd
talk,ˈtɔːk
tall,tɔːl
tank,taŋk
tap,tap
tape,teɪp
target,ˈtɑːgɪt
task,tɑːsk
taste,teɪst
tax,taks
taxpayer,ˈtakspeɪə
tea,tiː
teach,tiːʧ
teacher,ˈtiːʧə
teaching,ˈtiːʧɪŋ
team,tiːm
teammate,ˈtiːmmeɪt
tear,ˈtiə
teaspoon,ˈtiːspuːn
technical,ˈteknɪkəl
technician,tekˈnɪʃn̩
technique,tekˈniːk
technological,ˌteknəˈlɒʤɪkəl
technology,tekˈnɒləʤi
teen,ˈtiːneɪʤ
teenage,ˈtiːneɪʤ
teenager,ˈtiːneɪʤə
teeshirt,ˈtiːʃɜːt
telephone,ˈtelɪfəʊn
telescope,ˈtelɪskəʊp
television,ˈtelɪˌvɪʒn̩
tell,tel
temperature,ˈtemprəʧə
temple,ˈtempɫ̩
temporary,ˈtemprəri
ten,ten
tend,tend
tendency,ˈtendənsi
tender,ˈtendə
tennis,ˈtenɪs
tension,ˈtenʃn̩
tent,tent
term,tɜːm
terms,tɜːmz
terrain,teˈreɪn
terrible,ˈterəbɫ̩
terribly,ˈterəbli
terrific,təˈrɪfɪk
territory,ˈterɪtr̩i
terror,ˈterə
terrorism,ˈterərɪzəm
terrorist,ˈterərɪst
test,ˈtest
testify,ˈtestɪfaɪ
testimony,ˈtestɪməni
testing,ˈtestɪŋ
text,tekst
textbook,ˈteksbʊk
texture,ˈteksʧə
than,ðan
thank,θaŋk
thanks,θaŋks
thanksgiving,θaŋksˈgɪvɪŋ
that,ðat
the,ðiː
theatre,ˈθiətə
their,ðeə
them,ðəm
theme,θiːm
themselves,ðəmˈselvz
then,ðen
theological,ˌθiəˈlɒʤɪkəl
theology,θɪˈɒləʤi
theoretical,θiəˈretɪkəl
theory,ˈθiəri
therapist,ˈθerəpɪst
therapy,ˈθerəpi
there,ðeə
thereby,ðeəˈbaɪ
therefore,ˈðeəfɔː
these,ðiːz
they,ˈðeɪ
thick,θɪk
thigh,θaɪ
thin,θɪn
thing,ˈθɪŋ
think,ˈθɪŋk
thinking,ˈθɪŋkɪŋ
third,ˈθɜːd
thirty,ˈθɜːti
this,ðɪs
thoroughly,ˈθʌrəli
those,ðəʊz
though,ðəʊ
thought,ˈθɔːt
thousand,ˈθaʊzn̩d
thread,θred
threat,θret
threaten,ˈθretn̩
three,θriː
threshold,ˈθreʃhəʊld
thrive,θraɪv
throat,θrəʊt
through,θruː
throughout,θruːˈaʊt
throw,ˈθrəʊ
thumb,ˈθʌm
thus,ðʌs
ticket,ˈtɪkɪt
tide,taɪd
tie,taɪ
tight,taɪt
tighten,ˈtaɪtn̩
tightly,ˈtaɪtli
tile,taɪl
till,tɪl
timber,ˈtɪmbə
time,ˈtaɪm
timing,ˈtaɪmɪŋ
tiny,ˈtaɪni
tip,ˈtɪp
tire,ˈtaɪə
tired,ˈtaɪəd
tissue,ˈtɪʃuː
title,ˈtaɪtɫ̩
to,tuː
tobacco,təˈbakəʊ
today,təˈdeɪ
toe,təʊ
together,təˈgeðə
toilet,ˈtɔɪlɪt
tolerance,ˈtɒlərəns
tolerate,ˈtɒləreɪt
toll,təʊl
tomato,təˈmɑːtəʊ
tomorrow,təˈmɒrəʊ
tone,təʊn
tongue,tʌŋ
tonight,təˈnaɪt
too,tuː
tool,tuːl
tooth,tuːθ
top,tɒp
topic,ˈtɒpɪk
toss,tɒs
total,ˈtəʊtɫ̩
totally,ˈtəʊtəli
touch,tʌʧ
touchdown,ˈtʌʧdaʊn
tough,tʌf
tour,tʊə
tourism,ˈtʊərɪzəm
tourist,ˈtʊərɪst
tournament,ˈtɔːnəmənt
toward,təˈwɔːd
towards,təˈwɔːdz
towel,ˈtaʊəl
tower,ˈtaʊə
town,taʊn
toxic,ˈtɒksɪk
toy,tɔɪ
trace,treɪs
track,trak
trade,treɪd
trading,ˈtreɪdɪŋ
tradition,trəˈdɪʃn̩
traditional,trəˈdɪʃn̩əl
traditionally,trəˈdɪʃənəli
traffic,ˈtrafɪk
tragedy,ˈtraʤədi
tragic,ˈtraʤɪk
trail,treɪl
trailer,ˈtreɪlə
train,treɪn
trainer,ˈtreɪnə
training,ˈtreɪnɪŋ
trait,treɪt
transaction,tranˈzakʃn̩
transfer,ˈtransfɜː
transform,ˈtransfɔːm
transformation,ˌtransfəˈmeɪʃn̩
transit,ˈtransɪt
transition,tranˈzɪʃn̩
translate,tranzˈleɪt
translation,transˈleɪʃn̩
transmission,tranzˈmɪʃn̩
transmit,tranzˈmɪt
transport,transˈpɔːt
transport,transˈpɔːt
transportation,ˌtranspɔːˈteɪʃn̩
trap,trap
trap,trap
trash,traʃ
trauma,ˈtrɔːmə
travel,ˈtravəl
traveller,ˈtravlə
tray,treɪ
treasure,ˈtreʒə
treat,triːt
treatment,ˈtriːtmənt
treaty,ˈtriːti
tree,triː
tremendous,trɪˈmendəs
trend,trend
trial,ˈtraɪəl
tribal,ˈtraɪbəl
tribe,traɪb
trick,trɪk
trigger,ˈtrɪgə
trim,trɪm
trip,trɪp
triumph,ˈtraɪəmf
troop,truːp
tropical,ˈtrɒpɪkəl
trouble,ˈtrʌbɫ̩
troubled,ˈtrʌbɫ̩d
truck,trʌk
1,truː
truly,ˈtruːli
trunk,trʌŋk
trust,trʌst
truth,truːθ
try,ˈtraɪ
tube,tjuːb
tuck,tʌk
tumour,ˈtjuːmə
tune,tjuːn
tunnel,ˈtʌnəl
turkey,ˈtɜːki
turn,tɜːn
twelve,twelv
twentieth,ˈtwentiəθ
twenty,ˈtwenti
twice,twaɪs
twin,twɪn
twist,twɪst
two,ˈtuː
type,taɪp
typical,ˈtɪpɪkəl
typically,ˈtɪpɪkli
ugly,ˈʌgli
ultimate,ˈʌltɪmət
ultimately,ˈʌltɪmətli
unable,ʌnˈeɪbɫ̩
uncertain,ʌnˈsɜːtn̩
uncertainty,ʌnˈsɜːtn̩ti
uncle,ˈʌŋkɫ̩
uncomfortable,ʌnˈkʌmftəbɫ̩
uncover,ʌnˈkʌvə
under,ˈʌndə
undergo,ˌʌndəˈgəʊ
undergraduate,ˌʌndəˈgraʤʊət
underlying,ˌʌndəˈlaɪɪŋ
undermine,ˌʌndəˈmaɪn
understand,ˌʌndəˈstand
understanding,ˌʌndəˈstandɪŋ
undertake,ˌʌndəˈteɪk
unemployment,ˌʌnɪmˈplɔɪmənt
unexpected,ˌʌnɪkˈspektɪd
unfair,ˌʌnˈfeə
unfold,ʌnˈfəʊld
unfortunately,ʌnˈfɔːʧʊnətli
unhappy,ʌnˈhapi
uniform,ˈjuːnɪfɔːm
union,ˈjuːniən
unique,juːˈniːk
unit,ˈjuːnɪt
unite,juˈnaɪt
united,juˈnaɪtɪd
unity,ˈjuːnɪti
universal,ˌjuːnɪˈvɜːsəl
universe,ˈjuːnɪvɜːs
university,ˌjuːnɪˈvɜːsɪti
unknown,ˌʌnˈnəʊn
unless,ənˈles
unlike,ˌʌnˈlaɪk
unlikely,ʌnˈlaɪkli
unprecedented,ʌnˈpresɪdentɪd
until,ənˈtɪl
unusual,ʌnˈjuːʒʊəl
up,ʌp
update,ˌʌpˈdeɪt
upon,əˈpɒn
upper,ˈʌpə
upset,ˌʌpˈset
upstairs,ˌʌpˈsteəz
urban,ˈɜːbən
urge,ɜːʤ
us,əz
use,ˈjuːs
used,ˈjuːzd
useful,ˈjuːsfəl
user,ˈjuːzə
usual,ˈjuːʒʊəl
usually,ˈjuːʒəli
utility,juːˈtɪlɪti
utilise,ˈjuːtɪˌlaɪz
vacation,vəˈkeɪʃn̩
vaccine,ˈvaksiːn
vacuum,ˈvakjʊəm
valid,ˈvalɪd
validity,vəˈlɪdɪti
valley,ˈvali
valuable,ˈvaljʊəbɫ̩
value,ˈvaljuː
van,van
vanish,ˈvanɪʃ
variable,ˈveəriəbɫ̩
variation,ˌveərɪˈeɪʃn̩
variety,vəˈraɪəti
various,ˈveəriəs
vary,ˈveəri
vast,vɑːst
vegetable,ˈveʤɪtəbɫ̩
vehicle,ˈviːɪkɫ̩
vendor,ˈvendə
venture,ˈvenʧə
verbal,ˈvɜːbəl
verdict,ˈvɜːdɪkt
version,ˈvɜːʃn̩
versus,ˈvɜːsəs
vertical,ˈvɜːtɪkəl
very,ˈveri
vessel,ˈvesəl
veteran,ˈvetərən
via,ˈvaɪə
victim,ˈvɪktɪm
victory,ˈvɪktəri
video,ˈvɪdiəʊ
view,vjuː
viewer,ˈvjuːə
village,ˈvɪlɪʤ
violate,ˈvaɪəleɪt
violation,ˌvaɪəˈleɪʃn̩
violence,ˈvaɪələns
violent,ˈvaɪələnt
virtual,ˈvɜːʧʊəl
virtually,ˈvɜːʧʊəli
virtue,ˈvɜːʧuː
virus,ˈvaɪrəs
visible,ˈvɪzəbɫ̩
vision,ˈvɪʒn̩
visit,ˈvɪzɪt
visit,ˈvɪzɪt
visitor,ˈvɪzɪtə
visual,ˈvɪʒuəl
vital,ˈvaɪtəl
vitamin,ˈvɪtəmɪn
vocal,ˈvəʊkəl
voice,vɔɪs
volume,ˈvɒljuːm
voluntary,ˈvɒləntri
volunteer,ˌvɒlənˈtiə
vote,vəʊt
voter,ˈvəʊtə
voting,ˈvəʊtɪŋ
vulnerable,ˈvʌlnərəbɫ̩
wage,weɪʤ
wagon,ˈwagən
waist,weɪst
wait,weɪt
wake,weɪk
walk,wɔːk
walking,ˈwɔːkɪŋ
wall,wɔːl
wander,ˈwɒndə
want,wɒnt
war,wɔː
warehouse,ˈweəhaʊs
warm,wɔːm
warmth,wɔːmθ
warn,wɔːn
warning,ˈwɔːnɪŋ
warrior,ˈwɒriə
wash,wɒʃ
waste,weɪst
watch,wɒʧ
water,ˈwɔːtə
wave,weɪv
way,ˈweɪ
we,wi
weak,wiːk
weaken,ˈwiːkən
weakness,ˈwiːknəs
wealth,welθ
wealthy,ˈwelθi
weapon,ˈwepən
wear,weə
weather,ˈweðə
weave,wiːv
web,web
wedding,ˈwedɪŋ
weed,wiːd
week,wiːk
weekend,wiːkˈend
weekly,ˈwiːkli
weigh,weɪ
weight,weɪt
weird,wiəd
welcome,ˈwelkəm
welfare,ˈwelfeə
well,wel
wellbeing,ˌwelˈbiːɪŋ
well-known,ˈwelnəʊn
west,west
western,ˈwestən
wet,wet
whale,weɪl
what,ˈwɒt
whatever,wɒtˈevə
wheat,ˈwiːt
wheel,ˈwiːl
wheelchair,ˈwiːlʧeə
when,wen
whenever,wenˈevə
where,weə
whereas,weərˈaz
wherever,ˌweəˈrevə
whether,ˈweðə
which,wɪʧ
while,waɪl
whip,wɪp
whisper,ˈwɪspə
white,waɪt
who,huː
whoever,huːˈevə
whole,həʊl
whom,huːm
whose,huːz
why,waɪ
wide,waɪd
widely,ˈwaɪdli
widespread,ˈwaɪdspred
widow,ˈwɪdəʊ
wife,waɪf
wild,waɪld
wilderness,ˈwɪldənəs
wildlife,ˈwaɪldlaɪf
will,wɪl
willing,ˈwɪlɪŋ
willingness,ˈwɪlɪŋnɪs
win,wɪn
wind,wɪnd
window,ˈwɪndəʊ
wine,waɪn
wing,wɪŋ
winner,ˈwɪnə
winter,ˈwɪntə
wipe,waɪp
wire,ˈwaɪə
wisdom,ˈwɪzdəm
wise,waɪz
wish,wɪʃ
with,wɪð
withdraw,wɪðˈdrɔː
withdrawal,wɪðˈdrɔːrəl
within,wɪðˈɪn
without,wɪðˈaʊt
witness,ˈwɪtnəs
wolf,wʊlf
woman,ˈwʊmən
wonder,ˈwʌndə
wonderful,ˈwʌndəfəl
wood,wʊd
wooden,ˈwʊdn̩
word,ˈwɜːd
work,ˈwɜːk
worker,ˈwɜːkə
working,ˈwɜːkɪŋ
workout,ˈwɜːkaʊt
workplace,ˈwɜːkpleɪs
works,ˈwɜːks
workshop,ˈwɜːkʃɒp
world,wɜːld
worldwide,ˈwɜːldwaɪd
worried,ˈwʌrɪd
worry,ˈwʌri
worth,wɜːθ
would,wʊd
wound,wuːnd
wow,waʊ
wrap,rap
wrist,rɪst
write,ˈraɪt
writer,ˈraɪtə
writing,ˈraɪtɪŋ
written,ˈrɪtn̩
wrong,rɒŋ
yard,jɑːd
yeah,jeə
year,ˈjiə
yell,jel
yellow,ˈjeləʊ
yes,jes
yesterday,ˈjestədeɪ
yet,jet
yield,jiːld
you,ju
young,jʌŋ
youngster,ˈjʌŋstə
your,jə
yours,jɔːz
yourself,jɔːˈself
youth,juːθ
zone,zəʊn
